n,
i,abbagliante,sostantivo
n,abbagliare
i,abbaiare
b,abbandonare
n,abbandono
b,abbassare
b,abbastanza
n,abbattere
i,abbeverare
i,abbigliamento
i,abbonare
n,abbondante
n,abbondanza
i,abbondare
i,abbottonare
b,abbracciare
i,abbraccio
i,abbreviare
i,abbronzare
i,abete
n,abile
n,abilita
i,abisso
b,abitante
b,abitare
n,abitazione
b,abito
b,abituare
b,abitudine
n,abolire
i,abortire
i,aborto
i,abruzzese
i,abusare
n,abuso
b,accadere
i,accampamento
n,accampare
n,accanire
b,accanto
n,accappatoio
n,accarezzare
i,accattone
i,accavallare
i,accecare
n,accelerare
i,acceleratore
b,accendere
i,accendino
n,accendisigaro
b,accennare
i,accenno
n,accento
i,accetta
b,accettare
n,acchiappare
i,acciacco
n,acciaio
n,accidente
i,acciuga
i,accogliente
n,accoglienza
b,accogliere
i,accoltellare
i,accomodamento
n,accomodare
b,accompagnare
n,accontentare
n,acconto
n,accoppiare
i,accorciare
n,accordare
n,accordo
b,accorgersi
n,accorrere
b,accorto
b,accostare
n,accrescere
n,accucciarsi
n,accumulare
i,accumulatore
b,accusa
b,accusare
i,acerbo
i,aceto
n,acido
b,acqua
i,acquarello
i,acquasanta
n,acquedotto
n,acquistare
n,acquisto
i,acrobata
b,acute
n,adagiare
n,adagio,avverbio
n,adattare
b,adatto
n,addestrare
n,addetto
n,addio
b,addirittura
i,addizione
i,addolcire
n,addolorare
i,addomesticare
b,addormentare
b,addosso
n,addrizzare
n,adeguarsi
n,aderire
i,adesione
b,adesso
n,adolescente
i,adolescenza
n,adoperare
n,adorare
b,adottare
n,adriatico
n,adulto
n,aereo
b,aeroplano
n,aeroporto
i,afa
b,affacciarsi
i,affamare
i,affannare
i,affannato
i,affanno
b,affare
n,affascinare
n,affaticare
b,affatto
b,affermare
b,affermazione
b,afferrare
n,affettare,
n,affettato,
b,affetto
n,affettuoso
n,affezionare
n,affiancare
i,affiatare
i,affidamento
b,affidare
n,affinché
n,affittare
n,affitto
n,affliggere
i,affogare
n,affollare
n,affondare
n,affresco
n,affrettarsi
b,affrontare
n,affumicare
n,africano
i,agenda
b,agente
b,agenzia
i,agganciare
n,aggiornare
n,aggirare
b,aggiungere
n,aggiunta
n,aggiustare
n,aggrapparsi
i,aggravare
n,aggredire
n,aggressione
n,agguato
n,agguerrito
i,agiato
n,agile
n,agio
b,agire
b,agitare
n,agitazione
i,aglio
i,agnello
i,ago
i,agonia
b,agosto
b,agricolo
n,agricoltore
b,agricoltura
i,aguzzare
i,aiuola
n,aiutante
b,aiutare
b,aiuto
n,ala
b,alba
i,albanese
b,albergo
b,albero
i,albicocca
n,alcool
b,alcuno
i,alfabeto
i,alga
i,algerino
n,alimentare,aggettivo;sostantivo
n,alimentare,verbo
n,alimentazione
n,alimento
i,alito
i,allacciare
n,allagare
b,allargare
n,allarmare
n,allarme
i,allattare
b,alleanza
i,allearsi
b,alleato
i,alleggerire
n,allegria
b,allegro
n,allenamento
n,allenare
i,allentare
i,allergia
n,allevamento
n,allevare
b,allievo
n,allineare
n,alloggiare
n,alloggio
b,allontanare
b,allora
n,alloro
i,alluce
i,alluminio
n,allungare
i,alluvione
b,almeno
n,alpino
n,alt
i,altalena
n,altare
n,alterare
n,alterazione
i,alterno
b,altezza
i,altipiano
b,alto
i,alto-atesino
b,altrettanto
b,altrimenti
b,altro
n,alunno
i,alveare
b,alzare
b,amante
b,amare
n,amarezza
n,amaro
i,ambasciata
n,ambasciatore
b,ambiente
n,ambiguo
n,ambizione
n,ambizioso
i,ambulanza
n,ambulatorio
n,amen
b,americano
b,amica
b,amicizia
b,amico
i,ammaccare
n,ammalare
i,ammanettare
i,ammassare
n,ammasso
b,ammazzare
b,ammettere
n,ammiccare
n,amministrare
n,amministrativo
n,amministratore
b,amministrazione
b,ammirare
n,ammirazione
i,ammissione
i,ammobiliare
n,ammonire
n,ammucchiare
i,ammuffire
n,amnistia
b,amore
n,amoroso
b,ampio
i,amplificatore
i,analcolico
i,analfabeta
i,analisi
i,ananas
i,anarchico
i,anatra
b,anche
i,anconitano
n,ancora
b,ancóra
n,andamento
b,andare
n,anello
b,angelo
b,angolo
n,angoscia
n,angoscioso
n,anguilla
b,anima
b,animale,sostantivo;aggettivo
n,animare
b,animo
i,annacquare
i,annaffiare
n,annata
i,annebbiare
n,annegare
i,anniversario
b,anno
i,annodare
n,annoiare
i,annotare
i,annuale
n,annullare
b,annunciare
i,annusare
n,anonimo
b,ansia
n,ansimare
n,ansioso
i,antartico
n,antenato
n,antenna
n,anteriore
n,anticamera
n,antichità
n,anticipare
n,anticipo
b,antico
n,antipatia
n,antipatico
n,antiquario
i,anulare,sostantivo
b,anzi
n,anziano
n,anziché
n,anzitutto
i,aostano
n,aperitivo
i,aperto
i,aperture
i,apostolo
i,appannare
i,apparecchiare
i,apparecchiatura
n,apparecchio
n,apparenza
b,apparire
n,apparizione
n,appartamento
n,appartarsi
i,appartenenza
b,appartenere
n,appassionarsi
i,appello
b,appena
n,appendere
i,appendicite
n,appesantire
n,appetito
i,appiccicare
i,appiglio
n,applaudire
i,applauso
b,applicare
b,applicazione
b,appoggiare
n,appoggio
n,apposito
n,apposta
n,apprendere
i,apprendista
i,appresso
n,apprezzare
n,approfittare
i,approfondire
b,approvare
n,appuntamento
b,appunto,avverbio
n,appunto,sostantivo
b,aprile
b,aprire
i,apriscatole
n,aquila
i,aquilano
i,aquilone
b,arabo
i,aragosta
n,arancia
n,aranciata
i,arare
i,aratro
i,arbitro
n,architetto
n,architettura
b,arco
n,area
i,argentina
b,argento
n,argilla
i,argine
b,argomento
b,aria
n,arido
n,aristocratico
i,aritmetica
b,arma
n,armadio
i,armaiolo
i,armamento
b,armare
n,armonia
n,arnese
n,arrabbiare
n,arrampicarsi
n,arrangiarsi
n,arredamento
i,arredare
n,arrendersi
b,arrestare
n,arresto
n,arretrato
n,arricchire
b,arrivare
n,arrivederci
b,arrivo
n,arrossire
n,arrostire
n,arrosto
i,arrugginire
n,arruolare
i,arsenale
b,arte
n,arteria
n,artico
n,articolare,verbo
b,articolo
n,artificiale
i,artigianale
n,artigiano
i,artiglieria
i,artiglio
b,artista
b,artistico
i,ascella
n,ascensore
i,ascesso
i,ascia
i,asciugacapelli
n,asciugamano
n,asciugare
n,asciutto
b,ascoltare
i,asfaltare
n,asfalto
i,asiatico
i,asilo
i,asino
i,asma
i,asparago
b,aspettare
b,aspetto
i,aspirapolvere
n,aspirare
n,aspirazione
n,aspro
n,assaggiare
i,assaggio
b,assai
n,assalire
i,assaltare
n,assalto
i,assaporare
n,assassinare
n,assassinio
b,assassino
i,asse
n,assecondare
i,assediare
n,assedio
n,assegnare
n,assegno
n,assemblea
n,assente
n,assenza
n,assessore
n,assetato
b,assicurare
n,assicurazione
n,assieme,avverbio
n,assistente
n,assistenza
b,assistere
n,asso
b,associazione
b,assoluto
i,assoluzione
n,assolvere
n,assomigliare
i,assorbente,sostantivo
n,assorbire
i,assordare
b,assumere
i,assunzione
n,assurdità
b,assurdo
n,asta
i,astemio
n,astenere
i,astronave
i,astuto
i,astuzia
i,ateniese
n,atleta
b,atmosfera
n,atomico
n,atomo
i,atria
n,atroce
b,attaccare
b,attacco
b,atteggiamento
i,atteggiare
b,attendere
i,attentare
n,attentato
b,attento
n,attenuare
b,attenzione
i,atterraggio
n,atterrare
b,attesa
b,attimo
n,attirare
b,attività
n,attivo,aggettivo
b,atto
b,attore
b,attorno
n,attrarre
b,attraversare
b,attraverso
n,attrazione
n,attrezzare
n,attrezzatura
i,attrezzo
b,attribuire
n,attrice
b,attuale
i,attualità
n,audace
n,augurare
n,augurio
n,aula
b,aumentare
i,aumento
i,australiano
i,austriaco
n,autentico
n,autista
i,autoambulanza
i,autoblindo
i,autobotte
i,autobus
n,autocarro
i,autografo
n,automatico
n,automezzo
b,automobile
i,automobilista
i,autonomia
n,autonomo
b,autore
i,autorevole
b,autorità
n,autorizzare
n,autorizzazione
i,autoscuola
i,autostop
n,autostrada
i,autotreno
n,autunnale
b,autunno
b,avanti
b,avanzare
n,avanzata
n,avanzo
i,avarizia
i,avaro
i,avena
b,avere,verbo
n,aviatore
n,aviazione
i,avvantaggiarsi
n,avvelenare
b,avvenimento
b,avvenire,sostantivo
b,avvenire,verbo
n,avventura
n,avventuroso
b,avversario
b,avvertire
i,avviamento
b,avviare
b,avvicinare
n,avvilire
n,avvisare
n,avviso
i,avvitare
b,avvocato
n,avvolgere
i,azienda
b,azione
n,azzardarsi
i,azzardo
b,azzurro
n,babbo
i,bacca
i,baccalà
b,baciare
i,bacinella
n,bacino
b,bacio
n,baco
n,badare
n,baffo
i,bagagliaio
n,bagaglio
b,bagnare
b,bagno
i,baionetta
n,balbettare
n,balcone
i,balena
n,balia
n,balla
b,ballare
n,ballerina
i,ballerino
i,balletto
b,ballo
i,balzare
b,bambina
i,bambinaia
b,bambino
n,bambola
n,banale
i,banana
b,banca
i,bancarella
n,bancario
b,banco
n,banda,&#34;compagnia&#34;
b,bandiera
n,bandito
n,bando
n,bar
i,bara
n,baracca
b,barba
i,barbabietola
n,barbarie
n,barbaro
i,barbiere
b,barca
i,barella
i,barese
i,barile
i,barista
n,barone
n,barricata
n,barriera
n,barzelletta
n,basare
b,base
i,basetta
i,basilico
b,basso
n,basta,esclamazione
i,bastardo
b,bastare
n,bastimento
i,bastonare
n,bastone
b,battaglia
i,battello
b,battere
i,batteria
n,battesimo
n,battezzare
i,batticuore
i,battipanni
i,battito
n,battona
n,battuta
i,batuffolo
i,baule
i,bava
i,bavaglio
b,beato
n,beccare
n,becco
i,befana
i,beffa
i,belare
n,belga
b,bellezza
b,bello
n,belva
b,benché
i,benda
b,bene,avverbio
b,bene,sostantivo
n,benedire
n,benedizione
n,benefattore
n,beneficare
n,beneficenza
n,beneficio
n,benefico
n,benessere
i,benestante
n,beninteso
n,bensì
n,benzina
i,benzinaio
b,bere
i,berlinese
i,berretto
n,bersagliere
n,bersaglio
i,bestemmia
n,bestemmiare
b,bestia
n,bestiale
i,bestiame
i,bettola
n,bevanda
i,bevitore
i,bevuta
i,biada
n,biancheria
b,bianco
n,bibbia
i,bibita
n,biblioteca
b,bicchiere
n,bicicletta
i,bidè
n,bidello
n,bidone
i,bigliardo
n,biglietteria
b,biglietto
n,bilancia
b,bilancio
n,bimbo
i,binario
b,biondo
i,birillo
n,birra
i,bisbigliare
i,biscia
i,biscotto
b,bisognare
b,bisogno
n,bisognoso
n,bistecca
i,bisticciare
n,bivio
n,bizzarro
n,bloccare
b,blocco
n,blu
b,bocca
i,bocchino
i,boccia
i,bocciare
i,bocciatura
i,boccone
i,boia
i,bolla
i,bolletta
n,bollettino
n,bollire
i,bollo
i,bolognese
i,bolzanino
b,bomba
n,bombardamento
n,bombardare
i,bombola
n,bontà
b,bordo
i,borgata
b,borghese
i,borghesia
i,borotalco
b,borsa,&#34;sacchetto&#34;
b,bosco
i,bossolo
n,botta
i,botte
b,bottega
i,bottegaio
b,bottiglia
n,bottone
n,bovino
n,boxe
n,bracciale
i,bracciante
b,braccio
n,bracco
i,brace
n,brandello
i,brasiliano
b,bravo
n,bravura
i,bretella
b,breve
i,briciola
n,brigadiere
n,brigantaggio
n,brigante
i,brillantina
b,brillare
i,brina
n,brindisi
i,britannico
n,brivido
i,brocca
n,brodo
i,bronchite
i,brontolare
n,bronzo
b,bruciare
i,bruciatura
b,bruno
n,brusco
i,brutale
b,brutto
n,buca
n,bucare
n,bucato,sostantivo
n,buccia
n,buco
i,budapestino
i,budino
n,bue
i,bufalo
i,bufera
n,buffo
n,buffone
n,bugia
n,bugiardo
b,buio
i,bulgaro
i,buonafede
n,buonanotte
n,buonasera
n,buongiorno
i,buongusto
b,buono
i,buonuomo
i,burattino
n,burocratico
i,burocrazia
i,burrasca
n,burro
i,burrone
n,bussare
i,bussola
n,busta
n,busto
b,buttare
i,cabina
i,cacao
i,cacca
b,caccia
n,cacciare
n,cacciatore
i,cacciavite
i,cachet
b,cadavere
b,cadere
n,caduta
b,caffè
n,caffellatte
i,cafone
i,cagliaritano
i,cagna
i,calabrese
i,calabrone
i,calamaio
i,calamita
b,calare
i,calcagno
n,calce
i,calciare
i,calciatore
i,calcinaccio
i,calcio,&#34;pedata&#34;
n,calcio,&#34;sport&#34;
n,calcolare
n,calcolatrice
b,calcolo
b,caldo
i,calendario
i,calibro
i,calligrafia
i,callo
b,calma
b,calmare
b,calmo
i,calo
b,calore
n,calpestare
n,calunnia
i,calvario
n,calvo
n,calza
n,calzare
i,calzatura
i,calzolaio
i,calzoleria
n,calzoni
n,cambiale
n,cambiamento
b,cambiare
n,cambio
b,camera
n,camerata,sostantivo
n,cameriera
n,cameriere
n,camice
b,camicia
n,caminetto
n,camino
n,camion
i,cammello
b,camminare
b,cammino
i,camomilla
n,camoscio
b,campagna
n,campagnolo
n,campana
n,campanello
n,campanile
i,campano
n,campare
i,campeggio
n,campionato
b,campione
b,campo
i,camposanto
i,canadese
i,canaglia
b,canale
i,canapa
i,canarino
b,cancellare
n,cancellata
i,cancellatura
b,cancello
n,cancro
n,candela
n,candidato
n,candido
b,cane
i,canestro
i,canfora
i,canguro
n,canino
n,canna
i,cannibale
n,cannocchiale
n,cannone
i,cannuccia
i,cantante
b,cantare
i,cantautore
n,cantiere
i,cantilena
n,cantina
b,canto
n,canzone
n,caos
b,capace
b,capacità
n,capanna
n,capanno
i,caparra
b,capello
b,capire
b,capitale,sostantivo
b,capitano
b,capitare
b,capo
n,capodanno
n,capogiro
n,capolavoro
i,capoluogo
n,caporale
i,caposquadra
i,capotavola
i,capoufficio
n,capovolgere
n,cappella
b,cappello
i,cappero
n,cappotto
i,cappuccino
i,cappuccio
i,capra
n,capriccio
i,capriola
b,carabiniere
n,caramella
b,carattere
b,caratteristico
n,carbonaio
n,carbone
i,carburante
i,carcassa
i,carcerato
b,carcere
i,carciofo
i,cardellino
n,cardinale
n,carestia
n,carezza
b,carica
n,caricare
b,carico,aggettivo
n,carico,sostantivo
n,carino
n,carità
b,carne
i,carnevale
b,caro
n,carogna
i,carosello
n,carota
i,carovana
n,carrello
n,carretto
n,carriera
b,carro
b,carrozza
i,carrozzeria
b,carta
i,cartella
n,cartello
i,cartoleria
n,cartolina
i,cartone
i,cartuccia
b,casa
i,casalinga
n,casalingo
n,cascare
i,cascata
n,cascina
i,casco
n,caserma
b,caso
b,cassa
i,cassaforte
i,cassapanca
n,cassetto
n,cassettone
n,cassiere
n,castagna
b,castello
n,castigo
i,castoro
n,casuale
i,catanzarese
i,catarro
i,catasta
n,catastrofe
b,categoria
b,catena
i,catenaccio
n,catino
i,catrame
n,cattedra
b,cattivo
b,cattolico
n,cattura
n,catturare
b,causa
n,causare
n,cava
i,cavalcare
b,cavaliere
i,cavalletta
b,cavallo
b,cavare
i,cavatappi
n,caverna
n,caviglia
i,cavo,sostantivo
i,cavolo
i,cece
i,cecoslovacco
b,cedere
i,cedro
b,celebrare
b,celebre
n,celeste
i,celia
n,cellula
n,cemento
b,cena
n,cenare
n,cenere
b,cenno
n,centimetro
b,centinalo
b,cento
b,centrale,aggettivo
n,centrale,sostantivo
i,centralino
b,centro
i,centroamericano
n,cera
n,ceramica
b,cercare
n,cerchio
b,cerimonia
i,cerino
i,cerniera
n,cero
i,cerotto
b,certezza
n,certificato
n,certo
b,cervello
i,cervo
n,cespuglio
b,cessare
i,cessione
n,cesta
n,cesto
i,cetriolo
b,che,congiunzione
n,che,pronome
b,chi
n,chiacchiera
n,chiacchierare
i,chiamata
n,chiarezza
b,chiarire
b,chiaro
n,chiasso
b,chiave
n,chic
b,chiedere
b,chiesa
i,chilo
n,chilogrammo
b,chilometro
n,chimica
n,chimico
i,china
b,chinare
n,chiodo
n,chirurgo
b,chissà
i,chitarra
b,chiudere
n,chiunque
n,chiusura
b,ci
i,ciambella
n,ciao
b,ciascuno
n,cibo
n,cicala
i,cicatrice
i,cicogna
i,cicoria
b,cieco
b,cielo
b,cifra
n,ciglio
i,cigno
n,ciliegia
n,ciliegio
i,cilindro
b,cima
i,cimice
n,ciminiera
n,cimitero
n,cin-cin
b,cinema
n,cinematografico
b,cinematografo
b,cinese
i,cinghia
i,cinghiale
i,cinico
n,cinismo
b,cinquanta
b,cinque
n,cinta
n,cintura
b,ciò
n,ciocca
n,cioccolata
n,cioccolato
b,cioè
i,cipolla
i,cipresso
n,cipria
b,circa
n,circo
i,circolare,aggettivo;sostantivo
n,circolare,verbo
n,circolazione
n,circolo
b,circondare
b,circostanza
n,circuito,sostantivo
n,cisterna
b,citare
i,citofono
i,citta
n,cittadinanza
b,cittadino
n,ciuffo
n,civetta
b,civile
b,civiltà
i,clacson
n,clan
n,clandestino
b,classe
b,classico
i,classifica
i,clero
b,cliente
b,clima
n,clinica
i,clistere
i,cobra
i,coccinella
i,coccio
i,cocciuto
i,cocco
n,coccodrillo
i,cocomero
n,coda
n,codice
i,cofano
b,cogliere
n,cognac
n,cognata
n,cognato
n,cognome
i,coincidenza
n,coincidere
n,coinvolgere
i,colare
i,colata
b,colazione
i,colera
i,colica
i,colla
i,collaborare
n,collaboratore
b,collaborazione
n,collana
i,collant
i,collare,sostantivo
i,collasso
n,colle
b,collega
n,collegare
b,collegio
i,collera
i,colletta
n,collettivo
n,colletto
b,collina
b,collo
b,collocare
b,colloquio
n,colmare
n,colmo
n,colomba
b,colonia
b,colonna
b,colonnello
n,colorare
b,colore
b,coloro
i,colosso
b,colpa
n,colpevole
b,colpire
b,colpo
i,coltellata
n,coltello
n,coltivare
i,coltivazione
n,coltura
n,colui
n,comandante
b,comandare
b,comando
i,combaciare
i,combattente
b,combattere
n,combattimento
b,combinare
n,combinazione
b,come
i,cometa
i,comico,aggettivo
b,cominciare
n,comizio
n,commedia
n,commentare
i,commento
b,commerciale
n,commerciante
b,commercio
b,commettere
n,commissariato
n,commissario
b,commissione
n,commozione
n,commuovere
n,comodino
n,comodità
b,comodo
n,compagna
b,compagnia
b,compagno
b,comparire
i,compassione
i,compasso
b,compatire
i,compatriota
n,compatto
n,compensare
n,compenso
i,competente
n,compiacenza
n,compiacere
i,compiangere
b,compiere
n,compimento
b,cómpito
n,compleanno
n,complessivo
b,complesso,aggettivo;sostantivo
n,completare
b,completo
b,complicare
n,complicazione
n,complice
n,complicità
n,complimento
i,complotto
b,comporre
b,comportamento
b,comportare
n,composizione
b,comprare
b,comprendere
n,comprensione
i,comprensivo
n,comprimere
n,compromesso
n,compromettere
n,comunale
b,comune,aggettivo
b,comune,sostantivo
b,comunicare
b,comunicazione
n,comunione
b,comunista
n,comunità
b,comunque
b,con
n,conca
b,concedere
i,concentrare
n,concepire
n,concerto
n,concessione
b,concetto
n,conchiglia
n,conciare
n,conciliate,verbo
n,concime
b,concludere
b,conclusione
i,concorrente
i,concorrenza
n,concorrere
i,concorso
n,concreto
n,condanna
b,condannare
n,condensare
n,condire
n,condividere
b,condizione
i,condoglianza
n,condotta
b,condurre
i,conduttura
b,conferenza
n,conferma
b,confermare
b,confessare
n,confessione
i,confessore
i,confetto
i,confezionare
i,confezione
i,conficcare
n,confidare
n,confidenza
n,confinare
b,confine
b,conflitto
b,confondere
i,confortare
n,conforto
i,confrontare
b,confronto
n,confusione
i,confuso
n,congedare
n,congedo
n,congelare
i,congestione
i,congiura
n,congratularsi
b,congresso
i,coniglio
i,coniugato
n,coniuge
n,connazionale
i,cono
n,conoscente
b,conoscenza
b,conoscere
b,conquista
b,conquistare
n,consacrare
n,consapevole
n,consegna
b,consegnare
b,conseguenza
n,conseguire
n,consenso
b,consentire
n,conserva,alimento
b,conservare
i,conservatore
b,considerare
b,considerazione
n,considerevole
b,consigliare
n,consigliere
b,consiglio
b,consistere
n,consolare
n,consolazione
n,consonante
n,consorte
n,constatare
n,consultare
b,consumare
i,consumazione
n,consumo
i,contachilometri
n,contadina
b,contadino
i,contagiare
i,contagio
i,contagocce
n,contante
b,contare
i,contatore
b,contatto
b,conte
b,contemporaneo
n,contendere
b,contenere
i,contentare
b,contento
i,contenuto,sostantivo
n,contessa
n,contestare
i,contestazione
n,continentale
n,continente
b,continuare
n,continuazione
b,continuo
b,conto
i,contorno
i,contrabbandiere
i,contrabbando
i,contraccambiare
n,contraddire
n,contraddizione
n,contralto
b,contrario
n,contrastare
b,contrasto
b,contribuire
b,contributo
b,contro
b,controllare
b,controllo
i,controllore
n,convegno
b,convenire
b,convento
b,conversazione
b,convincere
n,convinzione
i,convivenza
i,convivere
i,convulsione
n,cooperativa
i,coperchio
n,coperta
n,copertina
i,copertura
n,copia
n,copiare
n,coppa
b,coppia
b,coprire
b,coraggio
n,coraggioso
i,corallo
i,corazza
i,corazzata
i,corazziere
b,corda
n,cordiale
n,cordone
i,coriandolo
n,coricare
i,cornacchia
i,cornetto
n,cornice
b,corno
i,cornuto
n,coro
n,corona
b,corpo
i,corporatura
n,corredo
n,correggere
b,corrente
b,correre
i,correzione
n,corridoio
i,corridore
n,corriera
n,corrispondenza
b,corrispondere
n,corrompere
i,corruzione
b,corsa
i,corsia
n,corso
b,corte
i,corteccia
i,corteggiare
n,corteo
n,cortese
n,cortesia
b,cortile
b,corto
n,corvo
b,cosa
i,coscia
i,cosciente
b,coscienza
b,così
n,cosiddetto
n,coso
b,costa
n,costante
n,costanza
b,costare
b,costituire
b,costituzione
b,costo
n,costola
n,costoso
b,costringere
b,costruire
b,costruzione
n,costui
b,costume
n,cotone
i,cottura
i,covare
i,covo
i,cozza
n,cranio
n,cratere
n,cravatta
b,creare
b,creatura
n,creazione
n,credenza,&#34;mobile&#34;
b,credere
n,credito
i,credo
n,crema
i,crepaccio
n,crepare
b,crescere
n,crescita
n,cresta
n,cretino
n,criminale
n,crimine
i,crisantemo
b,crisi
n,cristallo
b,cristiano
n,cristo
b,critica
n,criticare
b,critico
b,croce
n,crocerossina
i,crocifiggere
n,crollare
n,crollo
n,cronaca
n,cronista
n,cronometro
n,crosta
b,crudele
n,crudeltà
n,crudo
n,cubo
n,cucchiaio
i,cuccia
n,cucciolo
b,cucina
n,cucinare
n,cucire
i,cucito
i,cucitura
i,cuffia
n,cugina
n,cugino
b,cui
n,culla
i,cullare
i,culo
b,cultura
n,culturale
i,cumulo
n,cuocere
n,cuoco
n,cuoio
b,cuore
n,cupo
b,cura
b,curare
b,curiosità
n,curioso
n,curva
n,curvo
n,cuscino
n,custode
n,custodire
b,da
i,dado
n,dama
n,damigiana
n,dannare
n,danneggiare
b,danno
i,danza
n,danzare
n,dappertutto
n,dapprima
b,dare
b,data
b,dato
b,davanti
n,davanzale
b,davvero
n,dazio
b,debito
n,debitore
b,debole
n,debolezza
n,decadere
i,decente
b,decidere
n,decimo
b,decina
b,decisione
n,decisivo
i,deciso
n,decomporre
i,decorare
i,decoroso
i,dedica
b,dedicare
n,deficiente
b,definire
b,definitivo
n,definizione
n,deformare
i,deforme
n,defunto
i,degnare
n,degno
n,delegare
i,delegazione
n,delfino
i,delicatezza
b,delicato
n,delinquente
n,delirare
n,delirio
b,delitto
i,delizia
n,delizioso
n,deludere
n,delusione
b,democratico
n,democrazia
i,democristiano
n,demonio
i,demoralizzare
b,denaro
n,denso
b,dente
i,dentiera
i,dentifricio
n,dentista
b,dentro
n,denuncia
n,denunciare
n,deporre
n,deposito
i,depressione
i,deprimere
b,deputato
b,derivare
i,derubare
b,descrivere
b,deserto,aggettivo
n,deserto,sostantivo
b,desiderare
b,desiderio
n,desolare
n,destare
b,destinare
b,destino
b,destro
i,detenuto
b,determinare
n,detestare
n,detrito
n,dettaglio
n,dettare
i,dettato
i,deviare
i,deviazione
n,devoto
b,di
n,dialetto
i,dialogare
i,dialogo
i,diamante
i,diario
b,diavolo
b,dicembre
b,dichiarare
b,dichiarazione
i,diciannove
i,diciassette
i,diciotto
b,dieci
n,dieta
b,dietro
n,difatti
b,difendere
b,difesa
n,difetto
n,differente
n,differenza
b,difficile
b,difficolta
n,diffidente
n,diffidenza
b,diffondere
n,diffusione
i,diga
n,digerire
i,digestione
i,digiunare
n,digiuno
n,dignità
n,dilagare
n,dilatare
n,dilettante
n,diligenza
i,diluvio
n,dimagrire
b,dimensione
b,dimenticare
n,dimezzare
b,diminuire
b,dimostrare
n,dimostrazione
b,dinanzi
n,dinastia
b,dio
n,dipendente
n,dipendenza
b,dipendere
b,dipingere
n,diploma
b,diplomatico
n,diplomazia
b,dire
b,diretto
b,direttore
b,direzione
n,dirigente
b,dirigere
b,diritto,aggettivo
b,diritto,sostantivo
b,disagio
n,disarmare
n,disastro
i,disattento
n,disattenzione
b,discendere
n,discesa
b,disciplina
n,disco
i,discordia
b,discorso
n,discreto
n,discrezione
b,discussione
b,discutere
b,disegnare
b,disegno
i,diseredare
n,disfare
b,disgrazia
b,disgraziato
n,disgustoso
i,disinfettante
i,disinfettare
n,disinteressato
i,disinteresse
n,disinvolto
n,disinvoltura
n,disoccupato
i,disoccupazione
i,disonesto
n,disonorare
n,disordinato
b,disordine
i,dispari
i,dispensa,&#34;mobile&#34;
b,disperare
n,disperazione
n,disperdere
i,dispetto
n,dispiacere,sostantivo
b,dispiacere,verbo
n,disponibile
n,disponibilità
b,disporre
b,disposizione
n,disprezzare
n,disprezzo
n,disseminare
n,dissenso
n,dissolvere
n,distaccare
n,distacco
n,distante
b,distanza
b,distendere
n,distesa
n,disteso
b,distinguere
i,distintivo
n,distinto
n,distinzione
n,distrarre
i,distrazione
n,distribuire
i,distributore
n,distribuzione
b,distruggere
n,distruzione
b,disturbare
n,disturbo
i,disubbidienza
i,disubbidire
b,dito
n,ditta
n,dittatore
n,divano
b,divenire
b,diventare
b,diverso
n,divertimento
b,divertire
b,dividere
n,divino
n,divisa
n,divisione
n,divorziare
n,divorzio
i,dizionario
n,doccia
n,docile
b,documento
b,dodici
i,dogana
b,dolce,aggettivo
n,dolce,sostantivo
n,dolcezza
n,dolere
b,dolore
b,doloroso
b,domanda
b,domandare
b,domani
n,domare
n,domattina
b,domenica
n,domenicale
n,domestico,aggettivo
n,domicilio
b,dominare
n,dominio
n,don
n,donare
i,dondolare
b,donna
n,dono
b,dopo
n,dopoché
n,dopodomani
n,dopoguerra
n,dopotutto
b,doppio
i,doppione
n,dorato
b,dormire
n,dorsale
n,dorso
n,dose
n,dosso
n,dotare
n,dote
b,dottore
n,dove
n,dovere,sostantivo
n,dovere,verbo
n,dozzina
i,drago
b,dramma
b,drammatico
i,drizzare
n,droga
i,drogare
b,dubbio
n,dubitare
n,due
n,duello
b,dunque
b,durante
b,durare
n,durata
n,durezza
b,duro
b,e
b,ebbene
n,ebraico
b,ebreo
n,eccellente
b,eccellenza
n,eccessivo
n,eccesso
b,eccetera
b,eccezionale
n,eccezione
n,eccitare
b,ecco
n,eccome
n,eco
b,economia
b,economico
n,edera
i,edicola
b,edificio
n,edilizia
n,educare
b,educazione
n,effettivo
b,effetto
b,efficace
n,efficienza
i,egiziano
b,egli
n,egoismo
n,egoista
n,elastico,aggettivo
i,elastico,sostantivo
n,elefante
b,elegante
n,eleganza
n,eleggere
n,elementare
b,elemento
n,elemosina
n,elencare
n,elenco
n,elettorale
i,elettore
i,elettricista
i,elettricità
b,elettrico
n,elettronico
n,elevare
n,elezione
i,elica
i,elicottero
n,eliminare
i,elmo
n,emergenza
n,emergere
n,emettere
n,emigrare
n,emigrazione
i,emiliano
n,emozionare
n,emozione
i,enciclopedia
b,energia
n,ennesimo
b,enorme
b,ente
b,entrambi
n,entrare
n,entrata
b,entro
n,entusiasmare
n,entusiasmo
n,entusiasta
n,epidemia
i,epifania,festività
b,episodio
b,epoca
b,eppure
n,equilibrio
i,equipaggio
n,equivoco
n,era
b,erba
n,erede
i,eredità
n,ereditare
n,eresia
i,ergastolano
i,ergastolo
i,ernia
b,eroe
n,erotico
b,errore
b,esagerare
i,esagerazione
i,esagono
b,esaltato
n,esaltazione
n,esame
b,esaminare
n,esasperare
n,esattezza
b,esatto
n,esaurire
i,esca
n,esclamare
n,esclamazione
n,escludere
n,esclusivo
n,esecuzione
n,eseguire
n,esempio
n,esercitare
n,esercitazione
n,esercito
n,esercizio
n,esigenza
n,esigere
n,esile
n,esilio
i,-esimo,suffisso
n,esistenza
n,esistere
n,esitare
n,esitazione
n,espansione
b,esperienza
n,esperimento
n,esperto
n,esplicito
n,esplodere
n,esplosione
n,esplosivo
b,esporre
n,esportare
b,esportazione
n,esposizione
b,espressione
i,espresso
b,esprimere
b,essenziale
n,essere,sostantivo
n,essere,verbo
n,esso
n,est
b,estate
b,estendere
i,estensione
b,esterno
b,estero
n,esteso
n,estivo
n,estraneo
n,estrarre
n,estremità
n,estremo
n,età
b,eterno
i,etichetta
n,etrusco
i,etto
b,europeo
i,evadere
i,evaporare
n,evasione
b,eventuale
n,evidente
n,evidenza
b,evitare
n,extra
b,fabbrica
n,fabbricare
n,fabbricazione
i,fabbro
b,faccenda
n,facchino
b,faccia
n,facciata
b,facile
n,facilità
n,facilitare
i,facilitazione
b,facoltà
i,fagiano
n,fagiolo
n,fagotto
n,falce
i,falco
n,falegname
n,fallimento
n,fallire
b,falso
n,fama
b,fame
b,famiglia
b,familiare
b,famoso
n,fanale
n,fanatico
n,fanciulla
i,fanciullo
n,fango
b,fantasia
n,fantasma
n,fantastico
i,fanteria
i,fantoccio
n,farabutto
b,fare
n,farfalla
n,farina
n,farmacia
n,faro
n,fascia
n,fascina
n,fascino
n,fascio
b,fascismo
b,fascista
b,fase
n,fastidio
n,fastidioso
i,fata
n,fatale
b,fatica
n,faticare
n,faticoso
b,fatto
b,fattore
n,fattoria
n,fauna
n,fava
n,favola
n,favoloso
b,favore
n,favorevole
b,favorire
n,fazzoletto
b,febbraio
b,febbre
i,fecondare
b,fede
b,fedele
n,fedeltà
i,federa
n,fegato
b,felice
b,felicità
n,felino
n,femmina
n,femminile
b,fenomeno
i,feriale
n,ferie
b,ferire
n,ferita
n,ferito
b,fermare
n,fermata
n,fermezza
b,fermo
n,feroce
b,ferro
n,ferrovia
n,ferroviario
i,ferroviere
n,fertile
n,fesso
i,fessura
b,festa
n,festeggiare
i,festival
n,festoso
n,fetta
i,fiaba
i,fiala
b,fiamma
n,fiammifero
b,fianco
n,fiasco
i,fiatare
b,fiato
i,fibbia
n,fibra
n,ficcare
n,fico
i,fidanzamento
n,fidanzare
n,fidanzata
n,fidanzato
n,fidarsi
b,fiducia
i,fiducioso
i,fieno
n,fiera
n,fiero
n,fifa
b,figlia
i,figliare
i,figliastro
b,figlio
n,figliola
n,figliolo
n,figura
n,figurare
n,fila
n,filare
i,filastrocca
n,film
n,filo
n,filosofia
n,filtrare
n,filtro
b,finale
n,finanza
b,finanziario
n,finanziatore
b,finché
n,fine,aggettivo
n,fine,sostantivo
b,finestra
n,finestrino
b,fingere
n,finimondo
b,finire
i,finlandese
b,fino,avverbio
i,finocchio
b,finora
n,finta
n,finto
n,fiocco
i,fionda
i,fioraio
b,fiore
n,fiorentino
n,fiorire
n,fioritura
n,firma
n,firmare
n,fischiare
n,fischio
n,fisico,aggettivo
b,fissare
b,fisso
n,fitto
b,fiume
n,fiutare
i,fiuto
n,flanella
i,flauto
n,flotta
n,fluido
i,foca
i,fodera
i,foderare
b,foglia
b,foglio
i,fogna
b,folla
n,folle
n,follia
n,folto
b,fondamentale
n,fondamento
b,fondare
n,fondere
i,fondo,aggettivo
b,fondo,sostantivo
n,fontana
n,fonte
n,foraggio
i,forbice
n,forca
i,forchetta
i,forcina
n,foresta
i,forfora
b,forma
n,formaggio
b,formare
b,formazione
n,formica
n,formidabile
b,formula
i,fornace
i,fornaio
n,fornello
b,fornire
i,fornitore
n,forno
n,foro
b,forse
b,forte
b,fortuna
b,fortunate
b,forza
n,forzare
i,fossa
i,fosso
n,fotografare
b,fotografia
i,fotografo
b,fra
i,fragile
n,fragola
n,frammento
n,frana
b,francese
i,franco,aggettivo
i,francobollo
i,frangia
b,frase
n,frate
b,fratello
n,frattanto
n,frattempo
n,frattura
n,frazione
n,freccia
i,freddezza
b,freddo,aggettivo
i,freddo,sostantivo
n,frenare
n,freno
b,frequentare
b,frequente
i,frequenza
b,fresco
b,fretta
n,friggere
i,frigorifero
i,fringuello
n,frittata
i,friulano
b,fronte
n,fronteggiare
n,frontiera
n,frugare
i,frumento
i,fruscio
i,frusta
b,frutta
n,fruttare
n,frutteto
b,frutto
n,fucilare
n,fucile
b,fuga
b,fuggire
n,fulmine
b,fumare
n,fumetto
b,fumo
i,fune
n,funebre
n,funerale
n,fungo
n,funzionamento
b,funzionare
n,funzionario
b,funzione
b,fuoco
b,fuori
n,furbo
i,furfante
n,furgone
n,furia
n,furioso
n,furto
n,fusto
b,future
n,gabbia
n,gabbiano
n,gabinetto
n,galantuomo
i,galeotto
n,galera
n,galla,a
i,galleggiare
n,galleria
i,gallese
n,gallina
n,gallo
n,galoppare
b,gamba
i,gambero
i,ganascia
i,gancio
b,gara
n,garage
b,garantire
n,garanzia
n,garbo
i,gargarismo
n,garibaldino
i,garofano
i,garza
n,garzone
n,gas
i,gasolio
i,gatta
b,gatto
i,gavetta
i,gazza
n,gelare
n,gelato
i,gelo
n,gelosia
b,geloso
i,gelsomino
n,gemello
b,generale,aggettivo
b,generale,sostantivo
b,generazione
b,genere
n,generico
n,genero
n,generoso
i,gengiva
n,geniale
n,genio
b,genitore
b,gennaio
n,genovese
b,gente
b,gentile
n,gentilezza
n,gentiluomo
i,genuino
n,geografia
n,geografico
n,geometra
n,geranio
n,germanico
n,germe
n,gesso
b,gesto
b,gettare
n,gettone
n,ghiacciare
n,ghiaccio
i,ghianda
n,ghirigoro
i,ghiro
b,già
n,giacca
n,giacche
n,giacere
n,giacimento
i,giaguaro
b,giallo
i,giapponese
b,giardino
n,gigante,sostantivo
n,gigantesco
n,giglio
i,ginestra
i,ginnastica
b,ginocchio
b,giocare
n,giocatore
n,giocattolo
b,gioco
b,gioia
n,gioiello
b,giornale
n,giornaliero
b,giornalista
b,giornata
b,giorno
n,giostra
b,giovane
b,giovanotto
n,giovare
n,giovedì
n,gioventù
n,giovinezza
i,giraffa
b,girare
b,giro
i,girotondo
n,gita
n,giù
i,giubbotto
b,giudicare
b,giudice
b,giudizio
b,giugno
b,giungere
n,giunta
n,giuramento
b,giurare
i,giuria
b,giustificare
n,giustificazione
b,giustizia
b,giusto
i,glicine
n,globo
b,gloria
b,glorioso
i,goal
i,gobbo
n,goccia
b,godere
n,goffo
b,gola
n,golfo
i,goloso
i,gomito
i,gomitolo
n,gomma
n,gonfiare
n,gonfio
n,gonna
i,gorilla
n,governante
b,governo
n,gracile
n,gradevole
n,gradino
n,gradire
b,grado
i,graffiare
i,graffio
n,grammo
n,grana
i,granaio
i,granchio
b,grande
n,grandezza
n,grandine
n,grandioso
b,grano
i,granturco
i,grappa
b,grasso,aggettivo
n,grasso,sostantivo
n,grato
n,grattare
b,grave
i,gravidanza
n,gravita
b,grazia
b,grazie,avverbio
n,grazioso
b,greco
i,grembiule
n,grembo
b,gridare
b,grido
b,grigio
i,griglia
n,grillo
i,grinza
n,grondaia
n,groppa
i,grossista
b,grosso
n,grotta
n,grottesco
b,gruppo
b,guadagnare
n,guadagno
n,guai,esclamazione
b,guaio
n,guancia
n,guanciale
n,guanto
b,guardare
i,guardaroba
b,guardia
n,guardiano
n,guarire
n,guastare
n,guasto,aggettivo
n,guasto,sostantivo
b,guerra
n,guerriero,sostantivo
n,gufo
n,guida
b,guidare
i,guidatore
n,guinzaglio
n,guscio
n,gustare
b,gusto
b,idea
b,ideale,aggettivo
n,ideare
b,identico
n,idiota
n,idolo
n,idrogeno
b,ieri
n,igiene
n,ignobile
n,ignorante
n,ignoranza
b,ignorare
n,ignoto
n,il
n,illegale
i,illegittimo
n,illudere
b,illuminare
n,illuminazione
b,illusione
n,illustrare
n,illustrazione
b,illustre
i,imballare
n,imbarazzare
n,imbarazzo
n,imbarcare
n,imbecille
i,imbiancare
i,imbianchino
n,imboccare
i,imbottigliare
n,imbottire
i,imbrogliare
i,imbroglio
i,imbuto
n,imitare
b,immaginare
n,immaginario
n,immaginazione
b,immagine
i,immaturo
i,immediato
b,immenso
n,immergere
b,immobile
i,immobilità
n,immondizia
n,immorale
n,immortale
n,immutato
n,impadronirsi
n,impalcatura
i,impallidire
b,imparare
n,impaurire
n,impaziente
n,impazienza
n,impazzire
b,impedire
b,impegnare
n,impegnativo
b,impegno
b,imperatore
n,impermeabile,aggettivo
n,impermeabile,sostantivo
n,impeto
n,impetuoso
n,impianto
i,impiccare
n,impicciare
n,impiegare
n,impiegato
n,impiego
n,imponente
b,imporre
b,importante
b,importanza
b,importare
b,impossibile
n,impossibilita
b,imposta
n,impotente
i,impreciso
b,impresa
i,impressionante
n,impressionare
b,impressione
n,imprestare
n,imprevisto
i,imprigionare
n,imprimere
n,improbabile
i,impronta
i,improvvisare
b,improvviso
i,imprudente
i,impulsivo
n,impulso
i,imputato
b,in
i,inaspettato
n,inaugurare
n,inaugurazione
n,incalzare
i,incamminare
n,incantare
n,incantevole
n,incapace
n,incapacità
b,incaricare
b,incarico
i,incartare
i,incassare
i,incasso
n,incastrare
i,incatenare
n,incendiare
n,incendio
b,incertezza
b,incerto
b,inchiesta
n,inchinarsi
i,inchiodare
n,inchiostro
b,incidente
n,incidere
i,incinta
n,incitare
i,incivile
n,includere
i,incollare
b,incominciare
i,incompleto
i,incomprensibile
i,inconsapevole
i,inconsolabile
i,incontentabile
b,incontrare
b,incontro,avverbio
b,incontro,sostantivo
n,inconveniente
n,incoraggiare
i,incoronare
i,incorreggibile
n,incosciente
n,incredibile
i,incrinare
n,incrociare
n,incrocio
n,incubo
n,incudine
i,incurabile
n,indagare
b,indagine
n,indebolire
n,indecenza
n,indeciso
n,indegno
i,indescrivibile
n,indiano
b,indicare
n,indice
n,indietreggiare
b,indietro
n,indifeso
n,indifferente
i,indigestione
n,indignare
n,indignazione
n,indimenticabile
n,indipendente
b,indipendenza
i,indiretto
n,indirizzare
b,indirizzo
i,indisciplinato
b,indispensabile
b,individuo
n,indomani
n,indossare
n,indovinare
i,indovinello
n,indurre
b,industria
b,industriale
i,inefficace
n,inerte
n,inerzia
i,inesperienza
i,inesperto
n,inevitabile
i,infame
n,infantile
b,infanzia
i,infarto
b,infatti
i,infedele
n,infelice
b,inferiore
n,infermiera
n,infermiere
n,infermo
n,infernale
b,inferno
n,inficiare
b,infine
b,infinito,aggettivo
b,influenza
n,influire
b,informare
b,informazione
n,infuriare
b,ingannare
n,inganno
b,ingegnere
n,ingegno
i,ingelosire
n,ingenuo
i,ingessare
n,inghiottire
n,inginocchiarsi
n,ingiusto
b,inglese
i,ingoiare
n,ingombrare
i,ingorgo
n,ingrandire
n,ingrassare
n,ingrato
n,ingresso
n,iniezione
n,iniziale,aggettivo
b,iniziare
b,iniziativa
b,inizio
n,innalzare
b,innamorare
n,innanzi
n,innanzitutto
n,inno
b,innocente
n,innocenza
n,innocuo
n,innumerevole
n,inoltrare
b,inoltre
n,inquietare
n,inquilino
n,inquinato
n,insalata
n,insegna
n,insegnante
b,insegnare
n,inseguimento
n,inseguire
n,insensato
n,inserire
n,inserviente
n,insetto
b,insieme,avverbio
n,insieme,sostantivo
n,insignificante
n,insinuare
b,insistere
i,insoddisfatto
n,insolente
n,insolito
b,insomma
n,insopportabile
n,insorgere
i,insospettire
i,insuccesso
n,insufficiente
n,insultare
b,insulto
b,intanto
i,intasare
n,intascare
n,intatto
n,integrale
n,intelletto
b,intellettuale
b,intelligente
b,intelligenza
b,intendere
b,intenso
b,intenzione
b,interessare
b,interesse
n,interiore
n,interminabile
b,internazionale
b,interno
b,intero
n,interpretare
n,interpretazione
i,interprete
n,interrogare
n,interrogatorio
i,interrogazione
n,interrompere
i,interruttore
i,intervallo
n,intervenire
n,intervento
n,intervista
n,intesa
i,intestino
i,intimidire
b,intimo
n,intitolare
i,intonaco
b,intorno
n,intraprendere
n,intravedere
n,intrecciare
b,introdurre
i,introduzione
n,intuire
n,inumano
b,inutile
n,invadente
n,invadere
n,invalido
n,invano
n,invasione
n,invasore
n,invecchiare
b,invece
b,inventare
n,inventario
n,invenzione
n,invernale
b,inverno
n,investire
b,inviare
n,invidia
n,invidiare
i,invidioso
i,invincibile
n,invisibile
b,invitare
n,invitato
b,invito
n,invocare
b,io
n,ipocrisia
n,ipocrita
n,ipotesi
i,ippopotamo
n,ira
i,irlandese
n,ironia
n,ironico
n,irregolare
n,irresponsabile
n,irriconoscibile
n,irrigazione
n,irritare
n,iscritto
n,iscrivere
i,iscrizione
b,isola
n,isolamento
n,isolare
i,ispettore
n,ispirare
n,ispirazione
b,istante
n,isterico
n,istintivo
n,istinto
n,istituire
b,istituto
b,istituzione
n,istruire
i,istruttore
b,istruzione
b,italiano
i,iugoslavo
b,la
b,labbro
i,labirinto
b,laboratorio
n,laborioso
i,lacca
i,laccio
b,lacrima
n,laddove
b,ladro
n,laggiù
b,lago
n,laico
n,lama
n,lamentare
i,lamentela
n,lamento
i,lamiera
n,lampada
i,lampadario
n,lampadina
n,lampo
n,lana
n,lanciare
n,lancio
i,lanterna
n,lapide
n,lapis
i,larghezza
b,largo
i,lasagna
b,lasciare
b,lassù
n,lastra
b,latino
b,lato
n,latta
i,lattante
b,latte
i,latteria
i,lattina
i,lattuga
n,laurea
n,laureare
i,lavagna
i,lavanda
i,lavanderia
i,lavapiatti
b,lavare
n,lavatoio
i,lavatrice
b,lavorare
i,lavorativo
b,lavoratore
i,lavoratrice
n,lavorazione
b,lavoro
i,laziale
n,leale
n,lealtà
i,lebbra
n,leccare
n,leccio
n,lecito
n,lega
i,legale
n,legame
b,legare
b,legge
b,leggere
n,leggerezza
b,leggero
n,legittimo
i,legna
n,legname
b,legno
b,lei
i,lente,sostantivo
i,lenticchia
i,lentiggine
b,lento
i,lenza
n,lenzuolo
n,leone
i,leopardo
i,lepre
i,lessare
b,lettera
i,letterale
b,letterario
n,letterato
b,letteratura
b,letto
i,lettore
b,lettura
n,leva
b,levare
b,lezione
b,lì
n,liberale
n,liberare
n,liberazione
b,libero
b,libertà
i,libico
i,libraio
n,libreria
b,libro
n,licenza
i,licenziamento
n,licenziare
n,liceo
i,lido
b,lieto
b,lieve
i,ligure
i,lima
i,limare
b,limitare
b,limite
n,limone
n,limpido
b,linea
b,lingua
b,linguaggio
n,lino
n,liquido
n,liquore
b,lira,&#34;moneta&#34;
n,liscio
b,lista
n,lite
n,litigare
i,litigio
n,litro
b,livello
b,locale,aggettivo
b,locale,sostantivo
n,località
i,locanda
n,locomotiva
n,loculo
n,lodare
n,lode
n,logica
n,logico
i,logoro
n,lombardo
i,londinese
n,lontananza
b,lontano
b,loro,pronome;aggettivo
b,lotta
n,lottare
n,lotteria
i,lucano
i,lucchetto
n,luccicare
i,luccio
i,lucciola
b,luce
n,lucente
i,lucertola
i,lucidare
b,lucido,aggettivo
i,lucido,sostantivo
b,luglio
i,lumaca
n,lume
b,luminoso
b,luna
n,lunedi
n,lunghezza
b,lungo,aggettivo
b,lungo,avverbio
b,luogo
n,lupa
n,lupo
i,lussemburghese
n,lusso
n,lutto
b,ma
n,macché
i,maccherone
n,macchia
n,macchiare
b,macchina
i,macchinista
i,macedonia
i,macellaio
n,macinare
n,madama
b,madre
i,madrileno
n,maestà
n,maestra
i,maestranza
b,maestro
n,mafia
b,magari
n,magazzino
b,maggio
b,maggioranza
b,maggiore,aggettivo
i,maggiorenne
n,magia
i,magico
i,magistrato
b,maglia
i,maglieria
i,maglificio
b,magnifico
i,mago
b,magro
b,mai
n,maiale
i,maionese
i,maiuscola
n,malanno
b,malato
b,malattia
i,malaugurio
i,malavita
n,malcontento
b,male
n,maledetto
b,maledire
i,maledizione
i,maleducato
i,maleducazione
n,malgrado
n,maligno
n,'malinconia
n,malinconico
i,malinteso
i,malizia
n,malora
i,maltempo
i,maltrattamento
i,maltrattare
i,malva
b,mamma
i,mammella
n,mammifero
b,mancanza
b,mancare
n,mancia
i,mancino
n,manco,avverbio
b,mandare
i,mandarino
n,mandorla
n,mandria
n,maneggiare
n,manette
i,manganello
b,mangiare
i,mangime
n,mania
i,maniaco
n,manica
n,manico
n,manicomio
b,maniera
b,manifestare
b,manifestazione
n,manifesto
n,maniglia
b,mano
i,manodopera
n,manovale
n,manovra
n,manovrare
n,mansueto
n,mantello
b,mantenere
n,manutenzione
i,manzo
n,marca
n,marcare
n,marchese
i,marchigiano
n,marcia
n,marciapiede
n,marciare
i,marcire
b,mare
n,marea
b,maresciallo
i,margherita
n,margine
n,marina
n,marinaio
n,marino
n,marionetta
b,marito
n,marmellata
b,marmo
n,marmotta
n,marrone
n,martedì
n,martello
n,martire
b,marzo
n,mascalzone
n,maschera
n,maschile
b,maschio
b,massa
i,massacro
i,massaggio
i,massaia
n,massiccio
b,massimo
n,masticare
i,matematica
n,matematico
i,materasso
b,materia
n,materiale,aggettivo
n,materiale,sostantivo
n,materno
i,matita
b,matrimonio
b,mattina
n,mattinata
n,mattiniero
b,mattino
n,matto
n,mattone
n,maturare
i,maturazione
n,maturo
n,mazzo
n,meccanica
n,meccanico,aggettivo
n,meccanico,sostantivo
n,meccanismo
n,medaglia
b,medesimo
n,media
n,mediante
n,medicina
b,medico
n,medio,aggettivo
i,medio,sostantivo
n,mediocre
n,meditare
n,mediterraneo
b,meglio
n,mela
i,melanzana
i,melograno
i,melone
b,membro
b,memoria
n,mendicante
n,mendicare
b,meno,avverbio
i,mensa
i,menta
n,mentale
b,mente
b,mentire
n,mento
b,mentre
n,menzogna
n,meraviglia
n,meravigliare
b,meraviglioso
b,mercato
n,merce
i,merceria
i,mercoledì
n,merenda
n,meridiano
b,meridionale
b,meritare
b,merito
i,merlo
i,merluzzo
n,meschino
n,mescolare
n,mese
b,messa
n,messaggiero
n,messaggio
i,messe
i,messicano
n,mestiere
n,mestolo
i,mestruazione
i,metà
n,metallico
n,metallo
i,metalmeccanico
b,metodo
b,metro
n,metropoli
n,metropolitana
n,mettere
i,mezzadria
i,mezzadro
n,mezzanotte
n,mezzo,aggettivo
n,mezzo,sostantivo
n,mezzogiorno
i,miagolare
b,mica,avverbio
n,microfono
n,miele
i,mietere
i,migliaia
b,migliaio
n,miglio,misura
n,migliorare
b,migliore
i,mignolo
i,-mila,suffisso
b,milanese
b,miliardo
b,milione
n,militare,aggettivo
i,militare,sostantivo
b,mille
n,millennio
n,millimetro
n,mimetizzare
n,mimosa
n,minaccia
b,minacciare
n,minaccioso
n,minerale
n,minestra
n,miniera
b,minimo
b,ministero
b,ministro
n,minoranza
b,minore
n,minorenne
n,minuscolo
b,minuto,sostantivo
n,mio
b,miracolo
n,miracoloso
n,mirare
n,miscuglio
n,miserabile
b,miseria
n,misericordia
n,misero
i,missile
i,missino
n,missione
n,misterioso
b,mistero
n,misto
b,misura
b,misurare
i,misurazione
n,mite
n,mitra
n,mitragliatrice
i,mittente
n,mo’
n,mobile,sostantivo
i,mobilio
b,moda
i,modellare
n,modello
n,moderato
b,moderno
i,modestia
n,modesto
n,modifica
n,modificare
n,modo
n,modulo
b,moglie
n,mole
i,molisano
n,molla
n,mollare
n,molle
n,molo
n,moltiplicare
n,molto
n,momento
n,monaco
n,monarchico
n,monastero
b,mondiale
b,mondo
n,moneta
n,monotono
b,montagna
n,montare
b,monte
b,monumento
b,morale
n,morbido
n,morboso
n,mordere
n,moribondo
b,morire
n,mormorare
n,morso
b,mortale
b,morte
n,mortificare
n,mortificazione
n,morto
n,mosca
i,moscovita
i,mossa
n,mostra
b,mostrare
b,mostro
n,mostruoso
i,motel
b,motivo
n,moto
n,motocicletta
i,motociclismo
i,motociclista
n,motore
n,motoscafo
n,motto
b,movimento
n,mucca
n,mucchio
n,muffa
i,muggire
i,muggito
i,mugnaio
i,mugolare
n,mulino
n,mulo
n,multa
i,multare
n,multicolore
i,mummia
i,mungere
n,municipio
n,munizione
b,muovere
n,mura
i,murare
i,muratore
b,muro
i,muschio
i,muscolo
n,museo
b,musica
n,musicale
n,musicista
n,muso
n,mutamento
n,mutande
b,mutare
i,mutilato
n,muto
n,mutuo
n,nano
i,napoletano
n,narrare
b,nascere
b,nascita
b,nascondere
i,nascondiglio
b,naso
n,nastro
n,natale
b,natura
b,naturale
i,naufragio
n,navale
b,nave
n,navigare
b,nazionale
b,nazione
b,ne
b,né
n,neanche
n,nebbia
n,necessario
n,necessità
n,negare
n,negativo
n,negazione
n,negoziante
b,negozio
n,negro
b,nemico
b,nemmeno
n,neonato
b,neppure
b,nero
n,nervo
i,nervosismo
b,nervoso
b,nessuno
b,netto
n,neutrale
n,neve
n,nevicare
i,newyorkese
n,nido
b,niente,aggettivo
b,niente,sostantivo
b,nipote
b,no
b,nobile
n,nocciola
n,noce
n,nocivo
n,nodo
b,noi
b,noia
n,noioso
n,noleggiare
b,nome
b,nominare
b,non
n,nonché
n,nonna
n,nonno
i,nono
b,nonostante
b,nord
i,nordamericano
n,norma
b,normale
i,norvegese
n,nostalgia
b,nostro
b,nota
n,notaio
b,notare
b,notevole
b,notizia
b,noto
b,notte
n,notturno
i,novanta
b,nove
n,novella
b,novembre
b,novità
n,nozze
n,nuca
n,nucleare
b,nudo
b,nulla
i,numerare
i,numerazione
b,numero
b,numeroso
i,nuotare
i,nuoto
n,nuova
b,nuovo
n,nutriente
b,nutrire
b,nuvola
i,nuvoloso
n,nuziale
i,nylon
b,o
n,oasi
n,obbiettivo,aggettivo
i,obbiettivo,sostantivo
b,obbligare
n,obbligatorio
n,obbligo
n,oblò
n,oca
b,occasione
i,occhiaia
n,occhiali
b,occhiata
i,occhiello
b,occhio
b,occidentale
n,occidente
b,occorrere
b,occupare
n,occupato
b,occupazione
n,oceano
i,oculista
b,odiare
b,odio
n,odioso
n,odorare
b,odore
b,offendere
n,offensivo
n,offerta
n,offesa
n,officina
b,offrire
b,oggetto
b,oggi
b,ogni
b,ognuno
n,olandese
i,oliare
i,oliera
b,olio
n,oliva
n,olivo
n,olmo
b,oltre
i,oltrepassare
i,oltretutto
n,omaggio
i,ombelico
b,ombra
n,ombrello
i,omicida
i,omicidio
b,onda
i,ondeggiare
n,onestà
b,onesto
n,onorare
b,onore
n,opaco
b,opera
i,operaia
b,operaio
b,operare
b,operazione
b,opinione
b,opporre
b,opportuno
b,opposizione
n,opposto
n,oppressione
i,oppressivo
n,oppresso
i,oppressore
n,opprimere
b,oppure
b,ora,avverbio
b,ora,sostantivo
b,oramai
n,orario
n,oratore
n,orchestra
n,ordinamento
b,ordinare
n,ordinario
b,ordine
n,orecchino
n,orecchio
i,orefice
n,orfano
n,organico
n,organismo
b,organizzare
b,organizzazione
i,organo
b,orgoglio
n,orgoglioso
b,orientale
n,orientamento
n,orientare
b,oriente
b,originale
n,originare
i,originario
b,origine
n,orizzontale
b,orizzonte
n,orlo
n,orma
n,ornare
n,oro
n,orologeria
i,orologiaio
b,orologio
n,orrendo
n,orribile
n,orrore
n,orso
n,ortaggio
i,ortensia
i,ortica
n,orto
i,ortolano
i,orzo
b,osare
i,osceno
i,oscillare
n,oscurità
b,oscuro
b,ospedale
i,ospitalità
n,ospitare
b,ospite
i,ospizio
n,ossequio
b,osservare
b,osservazione
n,ossessione
b,ossia
n,ossigeno
n,osso
i,ostacolare
n,ostacolo
i,ostaggio
i,oste
n,osteria
n,ostia
n,ostile
n,ostinare
n,ostinato
i,ostrica
n,ottanta
i,ottavo
b,ottenere
n,ottimista
b,ottimo
b,otto
b,ottobre
n,ottone
i,ovale
i,ovatta
b,ove
n,ovest
i,ovile
i,ovino
n,ovunque
n,ovvero
n,ovvio
n,ozio
n,pacco
b,pace
n,pacifico
n,padano
i,padella
b,padre
n,padrino
b,padrona
i,padronato
b,padrone
i,padroneggiare
b,paesaggio
n,paesano
b,paese
i,paga
n,pagamento
b,pagare
i,pagella
b,pagina
n,paglia
n,pagliaccio
i,pagliaio
b,paio
i,pala
i,palato
i,palazzina
b,palazzo
n,palco
i,palcoscenico
i,palermitano
n,palestra
i,palette
n,palla
i,pallacanestro
i,pallanuoto
i,pallavolo
b,pallido
n,pallone
i,pallottola
i,pallottoliere
i,palma
n,palmo
n,palo
i,palombaro
i,palpebra
i,palude
n,panca
n,pancia
i,panciotto
b,pane
i,panetteria
i,panettiere
i,paniere
n,panino
i,panna
n,panno
i,pannocchia
i,pannolino
n,panorama
n,pantaloni
n,pantera
n,pantofola
b,papa
b,papà
n,papavero
i,papero
n,pappa
n,pappagallo
i,parabrezza
i,paracadute
i,paracadutista
b,paradiso
i,parafulmine
i,paragonare
n,paragone
i,paralisi
i,paralizzato
i,parallela
i,parallelepipedo
i,parallelo
i,paralume
i,paraocchi
i,parare,fermare;evitare
i,parare,sostantivo
i,paraurti
i,paravento
i,parcheggiare
i,parcheggio
b,parco,sostantivo
b,parecchio
i,pareggiare
i,pareggio
b,parente
n,parentela
i,parentesi
n,parere,sostantivo
b,parere,verbo
b,parete
b,pari
i,parigino
i,parità
n,parlamento
b,parlare
n,parlatorio,sostantivo
b,parola
n,parrocchia
n,parroco
i,parrucca
i,parrucchiere
b,parte
b,partecipare
n,partecipazione
i,parteggiare
b,partenza
i,particolare,aggettivo
i,particolare,sostantivo
b,partire
b,partita
b,partito
i,parto
i,partorire
n,parziale
n,pascolare
n,pascolo
n,pasqua
b,passaggio
n,passante
n,passaporto
b,passare
i,passatempo
b,passato
i,passeggero,aggettivo
i,passeggero,sostantivo
n,passeggiare
n,passeggiata
n,passeggio
n,passero
b,passione
n,passivo
b,passo
n,pasta
n,pastasciutta
i,pasticca
i,pasticcere
i,pasticceria
i,pasticcino
n,pasticcio
n,pasto
b,pastore
n,patata
i,patente
n,paterno
n,patetico
n,patire
b,patria
n,patrimonio
n,patriottico
i,pattinaggio
i,pattinare
n,pattino
b,patto
n,pattuglia
i,pattumiera
b,paura
n,pauroso
n,pausa
n,pavimento
i,pavone
n,paziente,aggettivo
n,paziente,sostantivo
b,pazienza
n,pazzia
b,pazzo
b,peccato
i,peccatore
i,pechinese
n,pecora
i,pedalare
i,pedale
i,pedone
b,peggio
i,peggioramento
i,peggiorare
n,peggiore
b,pelle
i,pellegrino
i,pellerossa
i,pelletteria
n,pelliccia
n,pellicola
n,pelo
n,peloso
b,pena
n,penale
i,pendere
n,pendio
i,pendolo
b,pene
b,penetrare
n,penitenza
n,penna
i,pennarello
n,pennello
i,pennino
n,penoso
b,pensare
b,pensiero
i,pensionato
n,pensione
i,pentagono
i,pentirsi
i,pentola
b,pepe
b,per
n,pera
b,perché
n,perciò
n,perdere
n,perdita
n,perdonare
n,perdono
b,perfetto
n,perfezione
b,perfino
i,pergola
i,pergolato
b,pericolo
b,pericoloso
i,periferia
b,periodo
i,perla
i,permaloso
n,permesso
b,permettere
b,però
i,persiana
b,persino
b,persona
b,personaggio
b,personale,aggettivo
b,personale,sostantivo
n,personalità
n,persuadere
n,pertanto
i,perugino
b,pesare
n,pésca
n,pèsca
n,pescare
i,pescatore
b,pesce
i,peschereccio
i,pescheria
n,peso
n,pessimo
i,pestare
i,peste
i,petalo
i,petardo
i,petroliera
b,petrolio
n,pettegolezzo
i,pettegolo
n,pettinare
i,pettinature
n,pettine
i,pettirosso
b,petto
n,pezza
b,pezzo
i,pezzuola
b,piacere,sostantivo
b,piacere,verbo
n,piacevole
i,piaga
i,pialla
i,piallare
n,piana
i,pianeggiante
n,pianeta,astronomia
b,piangere
b,piano,aggettivo;avverbio
b,piano,sostantivo
n,pianoforte
i,pianoterra
b,pianta
b,piantare
n,pianto
b,pianura
i,piastra
n,piatto,aggettivo
b,piatto,sostantivo
b,piazza
n,piazzale
n,piazzare
n,piccante
n,picchiare
i,picchio
n,piccino
i,piccione
i,picco
b,piccolo
i,piccone
i,pidocchio
b,piede
n,piega
b,piegare
n,piemontese
n,piena
b,pieno
b,pietà
n,pietoso
b,pietra
i,pigiama
b,pigiare
i,pigione
i,pigna
i,pigrizia
i,pigro
n,pila
n,pilastro
i,pillola
n,pilota
i,pineta
i,pinguino
i,pinna
n,pino
i,pinza
i,pinzetta
n,pio
b,pioggia
n,piombo
i,pioppo
b,piovere
n,piovoso
n,pipa
i,pipistrello
n,piramide
i,pirata
i,piscina
n,pisello
i,pisolino
n,pista
i,pistacchio
n,pistola
i,pittare
b,pittore
i,pittura
b,più
n,piuma
b,piuttosto
i,pizza
i,pizzeria
i,pizzicare
n,pizzico
n,pizzo
i,plaid
n,plastica
i,platano
i,platino
n,plurale
i,pneumatico
b,poco
n,podere
b,poesia
b,poeta
n,poetico
b,poi
b,poiché
i,polacco
n,polemica
i,polenta
i,polipo
b,politica
b,politico
b,polizia
n,poliziotto
n,pollaio
b,pollame
i,pollice
n,pollo
i,polmone
n,polmonite
i,polo
i,polpa
i,polpastrello
i,polpo
i,polsino
n,polso
b,poltrona
b,polvere
i,polveroso
i,pomata
b,pomeriggio
n,pomodoro
n,pompa
i,pompelmo
i,pompiere
b,ponte
n,pontefice
b,popolare,aggettivo
n,popolare,verbo
i,popolarità
b,popolazione
b,popolo
i,porcellana
i,porcheria
i,porco,aggettivo
n,porco,sostantivo
n,porgere
b,porre
b,porta
i,portabagagli
i,portacenere
i,portachiavi
i,portacipria
i,portaerei
i,portafinestra
i,portafoglio
i,portafortuna
i,portamoneta
i,portaombrelli
b,portare
n,portata
n,portico
n,portiera
n,portiere
n,portineria
b,porto
i,portoghese
n,portone
i,posacenere
b,posare
i,posata
b,positivo
b,posizione
b,possedere
n,possesso
b,possibile
b,possibilità
n,posta
n,postale
b,posteggio
b,posteriore
b,posto
i,potare
b,potente
i,potentino
b,potenza
b,potere,sostantivo
b,potere,verbo
b,povero
n,pozzo
i,praghese
b,pranzo
b,pratica
n,praticare
b,pratico
b,prato
n,preavviso
n,precauzione
b,precedente
i,precedenza
b,precedere
b,precipitare
n,precisare
n,precisione
b,preciso
n,preda
n,predica
n,predicare
n,predire
n,predisporre
n,preferenza
b,preferire
n,prefetto
b,pregare
n,preghiera
n,pregiato
n,pregio
n,pregiudizio
n,premere
n,premiare
b,premio
b,prendere
i,prenotare
i,prenotazione
b,preoccupare
b,preoccupazione
b,preparare
n,preparazione
n,prepotente
n,prepotenza
n,presa
n,prescrivere
b,presentare
n,presentazione
b,presente
b,presenza
i,preside
b,presidente
b,pressi,sostantivo
b,pressione
b,presso,avverbio
b,prestare
n,prestigiatore
n,prestigio
n,presto,avverbio
n,presumere
b,prete
b,pretendere
n,pretesa
n,pretesto
n,prevalenza
n,prevalere
b,prevedere
n,prevedibile
n,preventivo,aggettivo
n,previdenza
n,previsione
b,prezioso
n,prezzemolo
n,prezzo
n,prigione
n,prigioniero
n,prima
n,primato
n,primavera
n,primitivo
n,primizia
n,primo
n,principale,aggettivo
n,principale,sostantivo
b,principe
b,principessa
b,principio
n,privare
b,privato
n,privilegio
b,privo
b,probabile
n,probabilità
b,problema
b,procedere
n,procedimento
n,procedura
n,processare
n,processione
b,processo
b,proclamare
b,procurare
b,prodotto
b,produrre
n,produttore
b,produzione
n,professione
n,professionista
b,professore
n,profilo
i,profitto
n,profondità
b,profondo
n,profugo
n,profumare
b,profumo
n,progettare
b,progetto
b,programma
i,progressista
i,progressivo
b,progresso
b,proibire
n,proiettare
n,proiettile
n,proletario
i,prolunga
n,prolungare
n,promessa
b,promettere
n,promontorio
n,promosso
i,promozione
n,promuovere
n,prontezza
b,pronto
i,pronuncia
b,pronunciare
n,propaganda
n,propagandare
b,proporre
n,proporzione
b,proposito
i,proposizione
b,proposta
b,proprietà
n,proprietario
b,proprio
i,prosa
i,prosciugare
n,prosciutto
b,proseguire
n,prospettiva
b,prossimo
n,prostituta
b,protagonista
b,proteggere
n,protesta
n,protestare
n,protettore
n,protezione
b,prova
b,provare
b,provenire
n,proverbio
b,provincia
b,provinciale
b,provocare
n,provocazione
b,provvedere
n,provvedimento
n,provvisorio
n,provvista
n,prudente
n,prudenza
i,prudere
n,prugna
i,prurito
n,psichiatra
n,psicologia
n,psicologico
i,psicologo
b,pubblicare
n,pubblicità
n,pubblicitario
b,pubblico,aggettivo
b,pubblico,sostantivo
i,pugilato
n,pugile
n,pugliese
n,pugnale
b,pugno
i,pulce
i,pulcino
i,puledro
b,pulire
n,pulizia
i,pullman
b,pullover
n,pulpito
i,puma
i,pungere
n,punire
n,punizione
b,punta
b,puntare
i,punteggio
i,puntiglio
b,punto
n,puntuale
i,puntura
n,pupilla
n,purché
b,pure
n,purè
n,purezza
i,purga
b,puro
b,purtroppo
n,puttana
n,puzzare
n,puzzo
b,qua
n,quaderno
n,quadrato,aggettivo
n,quadrato,sostantivo
i,quadrifoglio
b,quadro
n,quaglia
b,qualche
b,qualcosa
b,qualcuno
b,quale
n,qualifica
b,qualità
n,qualsiasi
b,qualunque
b,quando
b,quantità
n,quanto
n,quaranta
b,quartiere
b,quarto
b,quasi
n,quassù
n,quattordici
n,quattrino
b,quattro
b,quello
n,quercia
b,questione
b,questo
n,questura
b,qui
n,quiete
n,quieto
b,quindi
n,quindici
n,quintale
n,quinto
b,quotidiano,aggettivo
n,quotidiano,sostantivo
b,rabbia
n,raccattare
i,racchetta
n,racchiudere
b,raccogliere
n,raccolta
n,raccolto
b,raccomandare
i,raccomandazione
b,raccontare
b,racconto
n,raddoppiare
i,raddrizzare
i,radere
n,radiazione
i,radicale
b,radice
b,radio
n,rado
n,radunare
n,raffica
n,raffigurare
n,raffinato
n,raffineria
i,rafforzamento
n,rafforzare
n,raffreddare
i,raffreddore
b,ragazza
b,ragazzo
b,raggio
b,raggiungere
n,raggruppare
n,ragionamento
b,ragionare
b,ragione
n,ragionevole
n,ragioniere
i,ragnatela
i,ragno
i,ragù
n,rallegrare
n,rallentare
n,rame
n,rammendare
n,rammendo
b,ramo
i,rampicante
i,rana
i,rancio
n,rancore
n,randagio
n,rango
i,rapa
n,rapace
n,rapidità
b,rapido
i,rapimento
n,rapina
n,rapire
b,rapporto
n,rappresentante
n,rappresentanza
b,rappresentare
i,rappresentatone
b,raro
i,rasare
n,rasoio
n,rassegna
n,rassegnare
i,rassegnazione
i,rasserenare
n,rassicurare
n,rassomigliare
i,rastrello
n,rata
i,rateale
n,rattristare
i,rauco
i,ravanello
n,razionale
n,razza
n,razzo
b,re
n,reagire
b,reale,aggettivo
b,realizzare
b,realtà
n,reato
b,reazione
b,recente
i,recinto
i,recipiente
n,reciproco
i,recita
b,recitare
n,reclamare
i,réclame
n,reclamo
n,recluta
n,record
n,recuperare
n,redazione
n,reddito
i,referendum
b,regalare
n,regalo
b,reggere
n,reggimento
b,regime
b,regina
n,regionale
b,regione
n,regista
i,registrare
i,registratore
i,registrazione
n,registro
n,regnare
b,regno
b,regola
n,regolamento
n,regolare,aggettivo
n,regolare,verbo
b,relativo
b,relazione
b,religione
b,religioso
i,remare
i,remo
n,remoto
b,rendere
n,rene
n,reparto
i,repressione
n,reprimere
b,repubblica
n,repubblicano
n,resa
n,residenza
n,residuo
b,resistenza
b,resistere
i,resoconto
b,respingere
b,respirare
i,respirazione
b,respiro
b,responsabile
n,responsabilità
b,restare
n,restituire
b,resto
n,restringere
b,rete
i,retta
n,rettangolo
i,rettile
n,rettilineo
n,rettore
n,reverendo
n,riacquistare
n,rialzare
n,riaprire
n,riassumere
i,riassunto
n,riavere
n,ribellare
n,ribelle
n,ribellione
n,ricadere
i,ricaduta
i,ricalcare
i,ricamare
i,ricambiare
n,ricambio
i,ricamo
n,ricattare
i,ricatto
n,ricavare
b,ricchezza
i,riccio
i,ricciolo
b,ricco
b,ricerca
b,ricercare
i,ricetta
b,ricevere
i,ricevimento
i,ricevuta
b,richiamare
b,richiamo
b,richiedere
b,richiesta
n,richiudere
b,ricominciare
i,ricompensa
i,ricompensare
i,riconciliare
n,ricondurre
n,riconoscenza
b,riconoscere
n,riconoscimento
n,riconquistare
n,riconsegnare
i,ricopiare
n,ricoprire
b,ricordare
b,ricordo
b,ricorrere
n,ricostruire
i,ricotta
n,ricoverare
b,ricovero
n,ricreazione
n,ridare
b,ridere
b,ridicolo
n,ridiventare
b,ridurre
b,riempire
b,rientrare
b,rifare
b,riferire
i,rifinire
n,rifiutare
n,rifiuto
n,riflessione
b,riflesso
b,riflettere
n,riflettore
i,riforma
n,riformare
n,rifornimento
n,rifugiarsi
n,rifugio
b,riga
i,rigattiere
n,rigido
n,rigirare
n,rigore
n,rigovernare
b,riguardare
b,riguardo
n,rilasciare
n,rilassarsi
n,rilegare
n,rileggere
b,rilevare
b,rilievo
i,rima
n,rimandare
i,rimanenza
b,rimanere
n,rimbalzare
n,rimboccare
i,rimborsare
n,rimediare
n,rimedio
b,rimettere
i,rimodernare
i,rimorchio
n,rimorso
n,rimpiangere
n,rimpianto
n,rimproverare
i,rimprovero
n,rinascere
i,rincarare
n,rinchiudere
n,rincorrere
i,rinforzo
n,rinfrescare
i,rinfresco
i,ringhiare
i,ringhiera
i,ringhio
n,ringiovanire
n,ringraziamento
i,rinnegare
b,rinnovare
n,rinnovo
i,rinoceronte
n,rinomato
i,rintracciare
i,rinuncia
b,rinunciare'
n,rinvenire
n,rinviare
i,rinvio
i,rione
i,riordinare
n,ripagare
n,riparare
n,riparazione
n,riparlare
n,riparo
n,ripartire
n,ripassare
i,ripensamento
n,ripensare
n,ripescare
n,ripetente
b,ripetere
i,ripetizione
n,ripido
n,ripiegare
i,ripiego
i,ripieno
n,riporre
i,riportare
i,riposare
i,riposo
b,riprendere
n,ripresa
n,riproduzione
n,riprova
n,ripulire
i,risaia
b,risalire
n,risata
i,riscaldamento
n,riscaldare
i,riscattare
n,riscatto
n,rischiare
b,rischio
i,risciacquare
n,riscuotere
i,risentimento
n,risentire
b,riserva
n,riservare
n,riservato
n,riso,&#34;cibo&#34;
i,riso,&#34;ridere&#34;
n,risolvere
n,risorgere
n,risorsa
b,risparmiare
i,risparmio
n,rispecchiare
n,rispettare
b,rispetto,preposizione
b,rispetto,sostantivo
i,risplendere
b,rispondere
b,risposta
n,rissa
n,ristabilire
i,ristampare
n,ristorante
b,risultare
b,risultato
i,risuonare
n,risuscitare
n,ritardare
n,ritardo
b,ritenere
b,ritirare
n,ritirata
n,ritmo
n,rito
i,ritoccare
b,ritornare
i,ritornello
b,ritorno
n,ritrarre
b,ritratto
b,ritrovare
i,ritrovo
i,ritto
b,riunione
b,riunire
b,riuscire
i,riuscita
b,riva
n,rivale
b,rivedere
b,rivelare
n,rivelazione
i,rivendicare
i,rivendita
i,rivestimento
n,rivestire
i,rivincita
b,rivista
b,rivolgere
n,rivolta
n,rivoltare
n,rivoltella
n,rivoluzionario
b,rivoluzione
b,roba
n,robusto
i,rocca
i,rocchetto
n,roccia
i,roccioso
i,rodaggio
i,rodere
i,romagnolo
b,romano
n,romantico
n,romanzo,sostantivo
n,rombo
n,rompere
n,rondine
n,ronzare
n,ronzio
n,rosa
i,rosario
n,rosato
n,roseo
i,rosmarino
i,rosolia
n,rospo
n,rossastro
n,rosso
i,rossore
i,rosticceria
i,rotaia
i,rotella
n,rotolare
n,rotolo
n,rotondo
i,rotto
n,rottura
i,roulotte
n,rovesciare
i,rovescio
n,rovina
b,rovinare
i,rovo
n,rozzo
b,rubare
i,rubinetto
i,rubrica
i,rude
i,ruga
i,ruggine
i,ruggire
n,ruggito
n,rugiada
i,rullo
i,rumeno
i,ruminante
b,rumore
n,rumoroso
n,ruolo
n,ruota
n,ruotare
i,russare
n,russo
n,rustico
n,ruttare
n,rutto
n,ruvido
n,sabato
n,sabbia
n,sabotaggio
i,sabotare
i,saccheggiare
i,sacchetto
b,sacco
b,sacerdote
n,sacramento
n,sacrificare
b,sacrificio
b,sacro
n,saggezza
n,saggio,aggettivo
i,sagra
i,sagrestano
b,sala
i,salame
i,salare
i,salario
n,salato
i,saldare
i,saldatrice
i,saldatura
n,saldo
n,sale
i,salice
i,saliera
b,salire
n,salita
i,saliva
i,salmone
n,salone
i,salsa
i,salsiccia
i,salsiera
b,saltare
n,salto
i,salume
b,salutare,verbo
b,salute
b,saluto
i,salvadanaio
i,salvagente
b,salvare
n,salvatore
n,salve
n,salvezza
i,salvia
n,salvo,aggettivo
n,salvo,preposizione
i,sandalo
b,sangue
n,sanguigno
n,sanguinare
i,sanguisuga
n,sanitario
n,sano
b,santo
b,sapere
i,sapiente
n,sapone
b,sapore
i,sardina
i,sardo
n,sarta
i,sarto
n,sartoria
b,sasso
n,satellite
n,saziare
i,sazio
i,sbadigliare
i,sbadiglio
b,sbagliare
n,sbaglio
n,sbalordire
n,sbandare
i,sbarbare
n,sbarcare
n,sbarco
i,sbarra
i,sbarramento
n,sbarrare
n,sbattere
i,sbiadire
i,sbiancare
n,sbigottire
i,sbloccare
i,sboccare
i,sbocco
i,sbornia
i,sbottonare
i,sbriciolare
n,sbrigare
i,sbronzo
n,sbucare
i,sbucciare
i,sbuffare
i,scacchiera
n,scacciare
n,scadenza
n,scadere
n,scaffale
i,scafo
n,scagliare
b,scala
n,scalata
i,scaldabagno
n,scaldare
i,scalinata
n,scalino
n,scalo
i,scalpello
i,scalzo
n,scambiare
b,scambio
n,scampare
n,scampo
n,scandalizzare
n,scandalo
i,scansare
i,scapito
n,scapolo
i,scappamento
b,scappare
i,scappatoia
i,scarabocchiare
i,scarabocchio
i,scarafaggio
i,scarcerare
n,scaricare
i,scaricatore
n,scarico
i,scarlattina
b,scarpa
n,scarseggiare
b,scarso
n,scartare
n,scassare
n,scatenare
b,scatola
n,scattare
n,scatto
n,scavalcare
n,scavare
i,scavo
b,scegliere
b,scelta
n,scemo
b,scena
b,scendere
n,scheda
i,scheggia
i,scheletro
n,schermo
b,scherzare
b,scherzo
n,schiacciare
n,schiacciata
n,schiaffeggiare
n,schiaffo
n,schiantare
n,schiavo
b,schiena
n,schiera
n,schieramento
n,schierare
n,schietto
n,schifo
n,schifoso
i,schiuma
i,schizzare
i,schizzo
n,sci
n,scia
i,sciacquare
n,sciagura
n,sciagurato
i,scialle
i,sciame
i,sciare
n,sciarpa
i,sciatore
b,scientifico
b,scienza
n,scienziato
n,scimmia
i,scintilla
n,sciocchezza
n,sciocco
b,sciogliere
n,scioglimento
i,scioperare
b,sciopero
i,scirocco
i,sciroppo
n,sciupare
n,scivolare
n,scocciare
i,scodella
i,scoglio
i,scoiattolo
i,scolaro
n,scolastico
i,scolpire
i,scommessa
n,scommettere
n,scomodo
b,scomparire
n,scomparsa
i,scompartimento
n,sconfiggere
n,sconfitta
n,sconforto
i,scongelare
n,scongiurare
n,sconosciuto
i,sconsigliare
n,sconsolato
n,scontare
n,scontento
i,sconto
n,scontrare
n,scontro
n,sconvolgere
i,scopa
n,scoperta
b,scopo
b,scoppiare
n,scoppio
b,scoprire
n,scoraggiare
n,scordare
b,scorgere
i,scorpione
b,scorrere
i,scorretto
n,scorta
i,scortese
n,scorza
i,scossa
n,scostare
n,scottare
n,scovare
n,scozzese
n,scritta
i,scritto
b,scrittore
n,scrittura
n,scrivania
b,scrivere
i,scrofa
n,scrupolo
n,scrutare
i,scudetto
n,scudo
i,scultore
i,scultura
b,scuola
b,scuotere
i,scure
i,scurire
b,scuro
b,scusa
b,scusare
i,sdebitarsi
i,sdegnarsi
n,sdraiarsi
b,se
n,sebbene
n,seccare
i,seccatura
i,secchio
b,secco
b,secolo
n,secondario
b,secondo,aggettivo
b,secondo,preposizione
i,secondo,sostantivo
i,sedano
b,sede
i,sedere,sostantivo
b,sedere,verbo
b,sedia
n,sedici
n,sedile
n,sedurre
n,seduta
i,seduttore
i,sega
n,seggiola
i,segheria
b,segnalare
b,segnale
b,segno
n,segretaria
b,segretario
n,segreteria
n,segreto,aggettivo
b,segreto,sostantivo
b,seguire
b,seguito
b,sei
n,selezionare
n,selezione
n,sella
i,selva
i,selvaggina
n,selvaggio
n,selvatico
i,sembra
b,sembrare
n,seme
i,semestre
i,semifreddo
n,semina
n,seminare
n,semmai
b,semplice
n,semplicità
i,semplificare
b,sempre
n,senato
b,senatore
n,sennò
n,seno
b,sensazione
n,sensibile
n,sensibilità
b,senso
n,sentiero
n,sentimentale
b,sentimento
n,sentinella
b,sentire
b,senza
b,separare
n,separazione
b,seppellire
i,seppia
n,sequestro
b,sera
n,serale
n,serata
n,serbare
n,serbatoio
i,serenata
n,serenità
b,sereno
n,sergente
b,serie
n,serietà
b,serio
n,serpeggiare
n,serpente
i,serra
n,serratura
n,serva
b,servire
n,servitù
b,servizio
b,servo
n,sessanta
n,sesso
n,sessuale
n,sesto,aggettivo
b,seta
n,sete
n,settanta
b,settembre
n,settentrionale
b,settimana
n,settimanale,aggettivo
i,settimanale,sostantivo
i,settimo
i,settore
n,severo
b,sezione
n,sfamare
n,sfasciare
i,sfera
n,sfida
n,sfidare
i,sfiducia
n,sfilare
n,sfiorare
i,sfociare
n,sfogare
i,sfoglia
n,sfogliare
n,sfogo
i,sfollamento
i,sfollare
n,sfondare
i,sfortunato
n,sforzare
b,sforzo
n,sfrattare
n,sfratto
i,sfrenato
n,sfruttamento
b,sfruttare
b,sfuggire
n,sfumare
n,sfumatura
i,sganciare
i,sgarbato
i,sgarbo
i,sgombrare
n,sgomentare
i,sgomento
i,sgonfiare
i,sgozzare
i,sgrassare
n,sgridare
i,sguaiato
b,sguardo
i,shampoo
b,si
b,sia
n,sicché
b,siccome
n,siciliano
b,sicurezza
b,sicuro
n,siepe
b,sigaretta
i,sigaro
i,sigla
b,significare
n,significativo
b,significato
b,signora
b,signore
b,signorina
b,silenzio
b,silenzioso
i,sillaba
i,siluro
b,simbolo
b,simile
n,simpatia
b,simpatico
n,sincerità
b,sincero
i,sindacale
i,sindacato
b,sindaco
n,singhiozzo
b,singolare
b,singolo
b,sinistra
b,sinistro
b,sino
n,sintomo
n,sirena
i,siringa
n,sissignore
b,sistema
n,sistemare
n,sistemazione
n,situare
b,situazione
i,slacciare
n,slanciare
n,slancio
i,slavo
i,slitta
i,slogare
i,slogatura
n,sloggiare
i,smacchiare
i,smalto
n,smarrire
i,smascherare
n,smentire
b,smettere
i,smisurato
n,smontare
i,smorfia
i,smuovere
i,snello
i,soccorrere
n,soccorso
i,socialdemocratico
b,sociale
b,socialista
b,società
n,socio
b,soddisfare
b,soddisfazione
i,sodo
i,sofà
n,sofferenza
i,soffiare
n,soffio
n,soffitta
n,soffitto
b,soffocare
i,soffriggere
b,soffrire
b,soggetto
i,soggezione
n,soggiorno
n,soggiungere
b,soglia
i,sogliola
b,sognare
b,sogno
i,solaio
n,solamente
n,solare
n,solco
b,soldato
b,soldo
b,sole
n,solenne
n,solidarietà
n,solido
n,solitario
b,solito
b,solitudine
n,sollecitare
n,solletico
b,sollevare
n,sollievo
b,solo
b,soltanto
b,soluzione
n,somiglianza
n,somigliare
n,somma
n,sommare
n,sommergere
b,sonno
b,sopportare
n,sopprimere
b,sopra
i,soprabito
n,sopracciglio
n,sopraggiungere
i,soprammobile
i,soprannome
b,soprattutto
i,sopravvalutare
n,sopravvenire
n,sopravvivere
n,sopruso
n,sor
b,sora
b,sorcio
n,sordo
b,sorella
n,sorgente
b,sorgere
i,sorpassare
i,sorpasso
b,sorprendere
b,sorpresa
n,sorreggere
b,sorridere
b,sorriso
n,sorso
b,sorte
i,sorteggiare
i,sorteggio
n,sorveglianza
n,sorvegliare
n,sospendere
i,sospensione
i,sospeso
n,sospettare
n,sospetto,aggettivo
b,sospetto,sostantivo
n,sospettoso
n,sospirare
i,sospiro
n,sosta
b,sostanza
i,sostare
n,sostegno
b,sostenere
b,sostituire
i,sottaceto
n,sotterraneo
n,sotterrare
b,sottile
n,sottinteso
b,sotto
n,sottolineare
n,sottomarino
n,sottomettere
i,sottopassaggio
b,sottoporre
n,sottoscrivere
i,sottovoce
n,sottrarre
n,sovietico
n,sovraccarico
n,sovrano
n,sovrapporre
n,sovrastare
n,sovversivo
n,spaccare
n,spaccatura
i,spaccio
n,spada
i,spaghetto
n,spagnolo
i,spago
b,spalancare
n,spalare
b,spalla
i,spalmare
n,spandere
b,sparare
i,sparecchiare
n,spargere
b,sparire
n,sparo
n,spartire
n,spasso
i,spavaldo
b,spaventare
n,spavento
n,spaventoso
b,spazio
n,spazioso
n,spazzare
i,spazzatura
i,spazzino
n,spazzola
i,spazzolare
n,specchiare
b,specchio
b,speciale
n,specialista
n,specializzare
b,specie,avverbio
b,specie,sostantivo
n,speculare
n,speculazione
n,spedire
n,spedizione
b,spegnere
i,spellare
b,spendere
i,spennare
i,spensierato
b,speranza
b,sperare
n,sperduto
n,sperimentale
i,sperone
b,spesa
b,spesso
n,spessore
b,spettacolo
n,spettare
i,spettinare
i,spezie
n,spezzare
n,spia
n,spiacere
n,spiacevole
b,spiaggia
i,spianare
n,spiare
n,spiazzo
n,spiccare
i,spicciolo
i,spiedo
b,spiegare
b,spiegazione
n,spietato
i,spiga
i,spigolo
n,spilla
i,spillo
n,spina
i,spinacio
b,spingere
n,spinta
i,spionaggio
b,spirito
n,spiritoso
n,spirituale
n,splendere
n,splendido
n,splendore
b,spogliare
i,spogliatoio
i,spolverare
n,sponda
n,spontaneo
i,sporcare
i,sporcizia
n,sporco
n,sporgere
n,sport
n,sportello
n,sportivo
b,sposa
b,sposare
n,spostamento
n,spostare
i,spranga
n,sprecare
i,spreco
i,spremere
i,spremuta
n,sprezzante
i,sprofondare
i,sproposito
i,spruzzare
n,spugna
i,spuma
n,spumante
n,spuntare
i,spunto
n,sputare
i,sputo
b,squadra
n,squallido
n,squalo
n,squarcio
n,squillo
n,squisito
n,stabilimento
b,stabilire
b,staccare
i,stacco
n,stadio
i,staffa
b,stagione
n,stagno
b,stalin
i,stallone
n,stamani
b,stamattina
b,stampa
n,stampare
i,stampatello
i,stampella
i,stampo
n,stanare
n,stancare
n,stanchezza
b,stanco
i,stanga
b,stanotte
b,stanza
b,stare
b,stasera
n,statale
b,stato
n,statua
i,statunitense
n,statura
n,statuto
n,stavolta
b,stazione
n,stecca
b,stella
b,stendere
n,stentare
n,sterno
n,sterzare
n,sterzo
b,stesso
b,stile
n,stima
n,stimare
n,stimolo
i,stinco
i,stipendiare
n,stipendio
n,stirare
n,stivale
n,stoffa
n,stomaco
i,stonare
n,stonatura
i,stop
i,stoppa
i,storcere
b,storia
b,storico
n,stornello
i,storta
n,storto
i,stoviglia
n,straccio
n,straccione
b,strada
n,stradale
n,strage
n,stranezza
i,strangolare
b,straniero
b,strano
b,straordinario
b,strappare
n,strappo
b,strato
n,stravagante
n,straziare
n,strazio
i,strega
n,stretta,sostantivo
n,stretto,aggettivo
n,stretto,sostantivo
n,strillare
i,strillo
b,stringere
n,striscia
i,strisciare
i,strofinaccio
n,strofinare
n,stroncare
n,strozzare
b,strumento
b,struttura
n,stucco
b,studente
n,studentessa
b,studiare
b,studio
i,studioso
n,stufa
n,stufare
n,stufo
i,stuoia
n,stupendo
n,stupidaggine
b,stupido
n,stupire
n,stupore
b,su
b,subire
b,subito
b,succedere
n,successione
n,successivo
b,successo
i,succhiare
n,succo
b,sud
i,sudamericano
n,sudare
i,sudicio
n,sudore
b,sufficiente
i,suggerimento
n,suggerire
i,sughero
i,sugo
n,suicidarsi
n,suicidio
b,suo
i,suocera
n,suocero
n,suola
n,suolo
b,suonare
b,suono
n,suora
i,super
b,superare
n,superbia
n,superbo
n,superficiale
b,superficie
n,superfluo
b,superiore
n,superstizione
n,supplica
n,supplicare
b,supporre
n,supremo
b,suscitare
i,susina
n,susino
n,susseguire
n,svago
n,svanire
i,svedese
n,sveglia
b,svegliare
n,sveglio
n,svelto
n,svenire
n,sventolare
n,sventura
b,sviluppare
b,sviluppo
n,svizzero
b,svolgere
n,svolgimento
n,svolta
i,tabaccaio
n,tabacco
i,tabella
i,tacca
n,tacchino
n,tacco
b,tacere
n,taglia
b,tagliare
i,tagliatella
n,taglio
i,tagliola
b,tale
n,talento
n,talmente
n,talora
i,talpa
b,talvolta
i,tamburo
i,tamponare
n,tana
b,tanto
n,tappa
n,tappare
n,tappeto
i,tappezzare
i,tappo
i,tarantella
n,tardare
b,tardi
n,tardo
n,targa
i,tariffa
i,tarlo
i,tartaruga
i,tartufo
b,tasca
n,tassa
i,tassare
i,tassello
i,tastiera
n,tasto
n,tatto
i,taverna
b,tavola
n,tavolino
b,tavolo
n,taxi
n,tazza
n,te
n,teatrale
b,teatro
b,tecnica
b,tecnico
b,tedesco
n,tegame
n,teglia
n,tegola
n,tela
i,telato
i,telecamera
i,telecronaca
i,telecronista
i,telefilm
n,telefonare
n,telefonata
i,telefonico
n,telefono
i,telegrafico
i,telegrafo
n,telegramma
n,televisione
n,televisore
b,tema,&#34;argomento&#34;
b,temere
n,temperamento
n,temperatura
n,tempesta
n,tempia
b,tempo
n,temporale
n,temporaneo
i,tenaglia
n,tenda
n,tendaggio
b,tendenza
b,tendere
i,tenebra
n,tenente
b,tenere
n,tenerezza
n,tenero
n,tennis
n,tenore
n,tensione
b,tentare
b,tentativo
n,tentazione
n,tenuta
b,teoria
n,tepore
i,tergicristallo
b,terminare
b,termine
i,termometro
i,termosifone
b,terra
n,terrazza
n,terrazzo
n,terremoto
n,terreno,aggettivo
b,terreno,sostantivo
n,terrestre
b,terribile
b,territorio
n,terrore
i,terrorismo
i,terrorista
n,terrorizzare
b,terzo
i,teschio
b,tesi
b,tesoro
n,tessera
n,tessile
n,tessuto
b,testa
n,testamento
n,testardo
n,testimone
n,testimonianza
i,testimoniare
b,testo
n,tetro
b,tetto
i,tettoia
i,thermos
i,tic
i,ticchettio
i,tic-tac
n,tiepido
i,tifo
i,tifoso
n,tigre
n,timbro
i,timidezza
n,timido
i,timone
i,timoniere
b,timore
n,tingere
i,tino
n,tinta
n,tipico
b,tipo
i,tiranno
b,tirare
n,tiro
b,titolo
n,tizio
n,to’
i,toast
b,toccare
n,tocco
b,togliere
n,toilette
n,tollerare
b,tomba
i,tombola
i,tonaca
n,tondo
n,tonnellata
i,tonno
b,tono
i,tonsilla
n,topo
i,toppa
i,torbido
n,torcere
n,torchio
i,torcia
i,torcicollo
i,tordo
i,torero
i,torinese
b,tormentare
n,tormento
i,tornaconto
b,tornare
i,torneo
i,tornio
n,toro
n,torre
n,torrente
n,torta
b,torto
i,tortora
n,tortuoso
n,tortura
n,torturare
n,tosare
n,toscano
n,tosse
i,tossire
i,tostapane
b,totale
n,tovaglia
i,tovagliolo
b,tra
i,traballare
i,traboccare
i,trabocchetto
b,traccia
n,tracciare
n,tradimento
b,tradire
n,traditore
b,tradizionale
b,tradizione
n,tradurre
i,traduzione
n,traffico
i,trafila
i,traforo
n,tragedia
i,traghetto
b,tragico
n,traguardo
i,trainare
n,tram
i,trama
n,tramontare
n,tramonto
i,trampolino
n,tranne
n,tranquillità
n,tranquillizzare
b,tranquillo
i,transito
i,trapano
i,trapezio
i,trapezista
i,trapianto
n,trappola
b,trarre
b,trascinare
b,trascorrere
n,trascurabile
b,trascurare
n,trasferire
n,trasferta
b,trasformare
n,trasformazione
i,trasfusione
i,traslocare
i,trasloco
n,trasmettere
n,trasmissione
n,trasparente
n,trasportare
n,trasporto
n,trattamento
b,trattare
i,trattativa
i,trattato
b,trattenere
i,trattenuta
b,tratto
i,trattore
i,travasare
n,trave
n,traverso
i,travestire
i,travolgere
b,tre
i,trebbiare
i,treccia
n,tredici
n,tregua
b,tremare
n,tremendo
b,treno
b,trenta
i,trentino
i,triangolo
n,tribù
b,tribunale
n,tricolore
i,triestino
i,trifoglio
i,trina
i,trincea
n,trionfo
b,triste
n,tristezza
i,tritare
i,trofeo
n,tromba
b,tronco
n,trono
b,troppo
i,trota
i,trottare
i,trottola
b,trovare
n,trovata
i,truccare
n,trucco
i,truffa
i,truffare
b,truppa
b,tu
n,tuba
n,tubo
i,tuffare
i,tuffo
i,tulipano
i,tumore
i,tunnel
n,tuo
i,tuono
b,turbare
n,turco
n,turismo
n,turista
n,turistico
n,turno
n,tuta
i,tutore
b,tuttavia
b,tutto
n,tuttora
n,ubbidienza
n,ubbidire
n,ubriaco
b,uccello
b,uccidere
i,udinese
b,udire
n,uffa
b,ufficiale,aggettivo
b,ufficiale,sostantivo
b,ufficio
b,uguale
i,ulcera
n,ulteriore
n,ultimare
b,ultimo
i,ultravioletto
b,umanità
n,umano
i,umbro
n,umidita
n,umido
b,umile
n,umiliare
n,umiliazione
n,umiltà
n,umore
i,umorismo
n,undici
n,ungere
b,ungherese
b,unghia
b,unguento
b,unico
n,unificare
n,uniforme,sostantivo
n,unione
b,unire
b,unita
n,universale
b,università
n,universitario
n,universo
b,uno,articolo
n,uno,numero
n,uno,pronome
b,uomo
n,uovo
i,uragano
n,urbano
n,urgente
n,urgenza
b,urlare
n,urlo
i,urna
n,urtare
n,urto
n,usanza
b,usare
b,uscio
b,uscire
n,uscita
i,usignolo
b,uso
b,utile
n,utilità
b,utilizzare
n,utilizzazione
n,uva
n,vacanza
n,vacca
n,vaccino
n,vagabondo
i,vagire
b,vago
n,vagone
n,valanga
i,valdostano
b,valere
n,valico
n,valido
n,valigia
n,vallata
b,valle
b,valore
i,valoroso
n,valutare
i,valvola
i,vampata
i,vandalo
i,vanga
i,vangelo
n,vanità
i,vanitoso
n,vano
b,vantaggio
n,vantaggioso
b,vantare
i,vanto
n,vapore
n,variazione
n,varietà
b,vario
n,variopinto
n,vasca
n,vaso
n,vassoio
b,vasto
b,vecchio
b,vedere
n,vedova
n,vedovo
n,veduta
i,vegetale
n,vegetazione
i,veglia
n,vegliare
n,veicolo
i,vela
n,veleno
n,velenoso
n,velluto
n,velo
n,veloce
b,velocità
n,vena
n,vendemmia
n,vendemmiare
b,vendere
n,vendetta
n,vendicare
n,vendita
n,venerdì
n,veneto
n,veneziano
b,venire
i,ventaglio
i,ventata
b,venti
i,ventilatore
b,vento
n,ventre
n,venuta
n,verbale,sostantivo
b,verde
n,verdura
n,vergine
b,vergogna
b,vergognarsi
b,verificare
b,verità
n,verme
n,vernice
b,vero
b,versare
b,verso,preposizione
i,vertebra
n,verticale
i,vertigine
b,vescovo
i,vespa
n,vestaglia
b,veste
b,vestire
b,vestito
n,veterinario
n,vetrina
b,vetro
i,vetta
b,vettura
b,via,avverbio
b,via,sostantivo
b,viaggiare
b,viaggiatore
b,viaggio
n,viale
i,vibrare
b,vicenda
n,viceversa
b,vicino,sostantivo;aggettivo
i,viennese
n,vietare
n,vigilanza
n,vigilare
n,vigile
n,vigilia
n,vigliaccheria
n,vigliacco
n,vigna
n,vigore
n,vile
b,villa
n,villeggiatura
b,vincere
n,vincitore
b,vino
n,viola
n,violare
i,violentare
b,violento
b,violenza
i,violino
n,viottolo
n,vipera
i,virgola
n,virtù
n,viscere
n,visibile
b,visione
b,visita
b,visitare
n,visitatore
b,viso
b,vista
b,vita
n,vitale
i,vitamina
i,vite
i,vitello
b,vittima
b,vittoria
n,vittorioso
n,viva
n,vivace
b,vivere
b,vivo
n,viziare
n,vizio
i,vocabolario
i,vocale
n,vocazione
b,voce
b,voglia
b,voi
n,voialtri
n,volante
i,volantino
b,volare
i,volata
i,volenteroso
b,volentieri
n,volere,sostantivo
b,volere,verbo
n,volgare
n,volgarità
b,volgere
b,volo
b,volontà
n,volontario
n,volpe
b,volta,giro;momento
b,voltare
b,volto
b,volume
n,vomitare
n,vomito
i,vongola
b,vostro
n,votare
i,votazione
b,voto
n,vulcano
i,vuotare
b,vuoto
n,whisky
n,zampa
n,zampogna
i,zanna
i,zanzara
n,zappare
i,zattera
i,zebra
i,zero
b,zia
i,zingaro
b,zio
i,zitella
b,zitto
n,zoccolo
i,zolla
b,zona
i,zoo
n,zoppicare
n,zoppo
n,zucca
n,zucchero
i,zuffa
i,zuppa
