Lemmato	Occorrenze
essere	1956
il	2274
15	3
di	1959
giugno	3
del	727
1767	3
che	1503
Cosimo	596
Piovasco	8
Rondò	23
[PUNCT]	11804
mio	210
fratello	123
sedere	33
per	773
l'	532
ultimo	24
volta	110
in	971
mezzo	67
a	1531
noi	82
ricordare	20
come	468
oggi	3
nella	139
sala	4
da	1080
pranzo	4
della	458
nostro	201
villa	29
Ombrosa	87
la	1716
finestra	30
inquadrare	3
folto	12
ramo	219
grande	36
elce	12
parco	17
mezzogiorno	3
e	2501
famiglia	44
vecchio	61
tradizione	1
tavola	25
quello	427
ora	157
nonostante	4
fossa	10
già	112
invalso	2
tra	179
nobile	31
moda	4
venire	169
dalla	154
poco	91
mattiniero	1
corte	8
Francia	14
andare	223
desinare	1
metà	8
pomeriggio	9
tirare	40
vento	30
dal	200
mare	25
si	1052
muovere	49
foglia	60
dire	328
-	1437
avere	730
non	956
volere	182
respingere	2
piatto	12
lumaca	21
mai	139
vistare	55
disubbidienza	2
più	441
grave	9
	343
A	4
capotavola	1
Barone	76
Arminio	5
padre	93
con	565
parrucca	8
lungo	58
sulla	135
orecchio	25
alla	262
Luigi	4
XIV	1
fuori	57
tempo	110
tanto	118
cosa	167
suo	461
me	62
Abate	3
Fauchelafleur	11
elemosiniere	1
ed	107
aio	1
ragazzo	39
fronte	21
Generalessa	14
Corradina	1
madre	40
sorella	17
Battista	23
monaca	5
casa	52
all'	93
altro	186
capo	57
rimpetto	1
vestire	19
turco	10
Cavalier	39
Avvocato	15
Enea	22
Silvio	22
Carrega	18
amministratore	3
idraulico	8
podere	4
zio	18
naturale	25
quanto	52
illegittimo	1
mese	9
compiere	10
dodici	4
anno	40
io	167
gli	153
otto	5
ammettere	14
al	391
stesso	55
desco	1
genitore	6
ossia	7
beneficiare	2
promozione	1
prima	69
perché	218
lasciare	71
là	115
mangiare	17
solo	145
così	198
realtà	7
finire	54
cuccagna	4
rimpiangere	3
desinari	1
stanzetta	2
due	142
abate	32
un	1241
vecchietto	5
secco	10
grinzoso	1
fama	8
giansenista	3
difatti	7
fuggire	16
Delfìnato	1
terra	76
natale	1
scampare	2
processo	4
dell'	106
inquisizione	1
ma	442
carattere	7
rigoroso	2
lui	285
solitamente	1
tutti	77
lodare	1
severità	3
interiore	3
imporre	7
sé	31
altri	25
cedere	4
continuamente	5
una	659
fondamentale	1
vocazione	3
indifferenza	4
correre	61
se	289
meditazione	1
occhio	70
fìssi	3
nel	279
vuoto	19
approdare	2
gran	40
noia	5
svogliatezza	1
ogni	132
difficoltà	2
anche	203
minimo	3
vedere	241
segno	24
fatalità	1
cui	112
valere	10
opporre	3
pasto	5
compagnia	10
cominciare	74
dopo	54
orazione	1
movimento	8
cucchiaio	1
composto	2
rituale	3
silenzioso	7
guaio	4
chi	97
alzare	57
o	302
fare	576
lieve	7
risucchio	2
sorbire	1
brodo	1
fine	15
minestra	1
stanco	8
annoiare	6
guardare	86
schioccare	3
lingua	20
sorso	2
vino	4
soltanto	16
sensazione	1
superficiale	2
caduco	1
riuscire	72
raggiungere	31
pietanza	3
ci	200
potere	217
mettere	120
re	3
mano	83
tirandoci	1
torsoli	1
pera	1
mentre	34
cadere	39
uno	89
pigro	2
Ooo	2
bien	4
alors	2
adesso	40
invece	77
stare	190
prendere	160
corpo	15
rancore	6
familiare	14
capitolo	4
triste	9
infanzia	3
sempre	176
lì	91
davanti	19
uso	5
posata	1
pollo	1
dritto	5
via	89
gomito	8
continuo	16
antipatico	2
serie	1
sgridata	1
ripicchiare	1
castigo	1
impuntatura	1
fino	38
giorno	57
rifiutare	9
deciso	4
separare	7
sorte	4
questo	262
accumulare	1
risentimento	4
mi	161
rendere	17
conto	26
seguito	12
allora	88
tutto	331
parere	91
gioco	23
guerra	14
contro	58
era	8
solito	16
capire	100
ostinazione	5
celare	3
qualcosa	37
fondo	24
uomo	73
noioso	5
certo	131
cattivo	3
vita	62
dominare	9
pensiero	34
stonare	2
spesso	13
succedere	17
epoca	8
trapasso	2
agitazione	1
molto	71
comunicare	4
bisogno	29
agitare	9
loro	171
incontrario	1
strada	35
bollire	1
pentola	2
vantare	5
pretendere	10
titolo	9
duca	5
pensare	55
ad	91
genealogia	1
successione	2
rivalità	1
alleanza	3
potentato	1
vicino	50
lontano	31
perciò	11
vivere	47
prova	13
generale	11
invito	3
sapere	176
quella	42
Imperatrice	1
Austria	2
Re	5
magari	11
montanaro	1
Torino	1
servire	23
tacchino	3
guatare	1
lo	190
scalcare	1
spolpare	2
secondo	14
regola	8
reale	5
quasi	56
ne	134
assaggiare	3
cogliere	12
fallo	2
dovere	125
tenere	107
bordone	1
rimbrotto	1
poi	160
scoprire	22
animo	20
falso	2
sparire	22
cosciotto	1
intero	6
sotto	89
falde	2
zimarra	7
mangiarseli	1
morso	7
piacere	40
nascosto	10
vigna	13
giurare	6
sebbene	14
sul	263
fatto	22
lesto	4
tasca	4
pieno	31
ossicino	1
posto	35
quarto	3
sano	4
sani	1
contare	9
usare	12
brusco	5
modo	40
militare	8
So	1
Noch	1
ein	1
wenig	1
Gut	1
nessuno	42
trovare	79
ridire	3
etichetta	1
disciplina	2
dare	142
man	4
forte	14
col	134
ordine	16
piazza	19
arma	10
Sitz'	1
ruhig	1
pulisciti	1
muso	8
unico	20
agio	2
scarnificare	2
pollastro	1
accanimento	2
minuzioso	2
fibra	2
coltellino	1
appuntire	3
lei	131
specie	37
lancetta	1
chirurgo	1
pure	34
portarcela	1
esempio	14
osare	7
stralunare	1
ala	9
cuffia	2
inamidato	1
dente	8
stretto	16
giallo	7
faccina	1
topo	5
paura	34
quindi	7
luogo	25
dove	116
luce	17
antagonismo	1
incompatibilità	1
follia	3
ipocrisia	1
proprio	53
determinare	1
ribellione	3
dilungare	1
raccontare	37
imbandire	1
incontrare	27
resto	16
giornata	22
ritirata	2
stanza	15
pizzo	6
ricamo	3
fìlé	1
verità	7
lavoro	14
tradizionalmente	1
donnesco	1
accudire	1
essi	9
sfogare	5
passione	15
guerriero	1
rappresentare	2
mappa	4
geografìche	1
stendere	10
su	208
cuscino	4
drappo	1
arazzo	2
li	71
punteggiare	1
spillo	2
bandierina	4
segnare	6
piano	18
battaglia	16
Guerre	3
Successione	3
conoscere	24
menadito	1
oppure	22
ricamare	3
cannone	4
vario	9
traiettoria	2
partire	17
bocca	30
fuoco	20
forcella	15
tiro	6
angolo	3
proiezione	1
competente	1
balistico	1
disposizione	5
biblioteca	3
Generale	4
trattato	4
arte	10
atlante	1
Von	4
Kurtewitz	4
Konradine	2
figlia	12
Konrad	1
von	2
vent'	1
occupare	3
comando	3
truppa	16
Maria	3
Teresa	2
d'	39
Orfana	1
portare	95
dietro	64
campo	14
niente	44
romanzesco	1
viaggiare	2
ben	31
equipaggiato	1
alloggiare	1
castello	6
migliore	7
stuolo	8
passare	107
tombolare	1
cavallo	51
tutte	14
leggenda	1
donnetta	1
pelle	15
rosato	1
naso	26
ce	28
le	31
rimanere	26
paterno	2
forse	53
protestare	1
marito	7
parte	64
schierare	2
imperiale	7
accogliere	5
braccio	43
aperto	21
feudo	5
meglio	24
dimostrare	6
dedizione	3
causa	5
sposare	15
speranza	12
Ducato	2
male	26
Imperiali	1
sloggiare	1
presto	28
Genovesi	1
caricare	11
tassa	5
però	23
guadagnare	1
bravo	18
chiamare	27
morire	21
spedizione	2
Provenza	3
mandare	22
collare	2
oro	8
damascare	2
egli	49
accordo	7
allevare	2
accampamento	3
sognare	5
esercito	9
rimproverare	2
maneggione	1
sfortunato	1
tutt'	26
artiglieria	6
testa	61
albero	255
genealogico	1
figliolo	2
grado	3
importare	13
quale	28
qualche	47
granduchessa	1
elettrice	1
impero	2
ottimo	30
talmente	3
distrarre	10
abbandonare	4
bene	54
comune	10
regolare	6
modesto	3
eppure	9
fanciullezza	2
trascorrere	7
insieme	47
indifferente	2
entrambi	8
rovello	2
adulto	2
cercare	103
diverso	30
battuta	6
gente	53
arrampicare	28
questi	12
primo	48
innocente	2
ricordo	14
iniziazione	1
presagio	2
risalire	9
torrente	10
saltare	48
scoglio	3
esplorare	6
caverne	2
riva	20
scivolare	9
balaustra	7
marmo	2
scalinata	2
scivolata	3
origine	1
ragione	19
urto	1
punire	2
ingiustamente	1
ritenere	1
covare	3
società	8
mondo	32
genere	5
esprimere	6
decisione	5
scala	28
vero	33
digià	2
diffidare	3
rompere	7
gamba	35
preoccupare	5
credere	36
nulla	47
crescere	13
aumentare	2
peso	8
buttare	32
giù	57
statua	5
antenato	3
porre	19
pilastrini	1
terminale	1
rampa	3
Difatti	4
crollare	2
trisavolo	1
vescovo	6
mitria	1
imparare	14
frenare	9
attimo	2
arrivare	69
pelo	22
sbattere	8
anch'	8
seguire	49
prudente	1
pezzettino	1
frenato	1
scendere	61
freccia	1
c'	153
salire	37
n'	20
zonzo	1
breviario	3
sguardo	19
fisso	1
gallina	3
stato	19
mezz'	5
addormentare	5
no	66
momento	47
estremo	2
attenzione	9
apprensione	4
sgridare	2
monelleria	1
sorvegliare	4
trattenere	11
travolgere	4
vecchiettino	1
osso	5
cozzare	3
raddoppiato	1
slancio	8
Cacciaguerra	1
crociato	2
Terrasanta	1
diroccare	1
piè	4
frantumare	2
gesso	1
ramanzina	1
frustare	2
reclusione	1
pane	3
minestrone	4
freddo	11
sentire	97
colpa	5
uscire	41
invettiva	1
feroce	6
infischiare	4
vostro	24
signore	22
annunciare	3
ribelle	4
isolamento	1
storia	23
Marchesino	3
Mela	3
solitario	5
figlio	31
ostile	1
intrufolare	5
sedurre	1
anzi	26
violentare	1
lite	8
bietolone	1
lentigginoso	1
immaginare	11
seduttore	1
meno	16
famoso	4
ferro	6
stalliere	1
gridare	63
servi	9
accorgere	27
calzone	4
brandello	4
lacerare	1
artiglio	1
tigre	1
attentato	2
onore	9
consentire	3
matrimonio	1
sepolto	1
abito	2
pur	37
senza	88
pronunciare	5
voto	2
neppure	11
terziario	1
dubbio	5
tristo	2
esplicare	2
soprattutto	11
cucina	4
cucinare	1
mancare	15
né	47
diligenza	2
fantasia	4
dote	3
cuoca	2
sorprendere	3
crostini	1
paté	1
preparare	19
fìnissimi	1
fegato	2
quando	148
buono	25
zampa	8
cavalletta	1
quelle	34
duro	6
seghettare	4
mes-se	1
mosaico	1
torta	6
codino	5
porco	2
arrostire	2
ciambella	1
cuocere	2
porcospino	5
spina	4
chissà	17
impressione	6
sollevare	23
coprivivande	1
neanche	16
razza	3
roba	11
ancorché	2
cucciolo	3
rosa	7
tenero	9
infatti	8
orrendo	1
studiare	11
figura	5
gustare	2
cibo	5
sapore	4
raccapricciante	1
opera	10
oraferia	1
animale	8
vegetale	2
cavolfiore	1
lepre	11
colletto	2
cacciare	26
un'	92
aragosta	2
rosso	24
pinza	2
maiale	2
glie	11
strappare	17
decapitare	2
cavalluccio	1
molle	3
infiggere	1
steccare	4
ognuna	1
bignè	1
stormo	2
piccolo	26
cigno	1
ancora	95
vista	23
manicaretto	1
zelante	2
vi	56
sottile	4
smembrare	1
corpicino	1
eccitare	1
macabro	1
spingere	15
solidarietà	3
povero	11
bestia	14
straziato	1
disgusto	2
cotto	2
insofferenza	1
stupire	5
maturare	2
gesto	13
architettare	1
canestro	5
mangereccio	1
queste	6
messa	3
cantina	9
barile	7
digiuno	1
crusca	2
purgare	1
spostare	10
copertura	1
apparire	21
inferno	1
doghe	1
lentezza	1
agonia	1
rimasuglio	2
strie	2
opaco	3
bava	2
aggrumare	2
lumacheschi	1
escremento	1
colorato	1
memoria	6
bel	9
aria	47
erba	12
guscio	2
protendere	12
corno	15
divaricare	2
rattrappire	2
sporgere	13
diffidente	2
antenna	1
altre	7
crocchio	4
comare	2
addormentato	1
chiuso	11
morte	10
chiocciola	1
riversare	1
salvare	11
dall'	59
incontro	8
sinistra	2
imbandigioni	1
praticare	4
foro	1
tracciare	4
filo	9
tritare	1
miele	6
possibile	8
nascondere	26
botte	2
attrezzo	2
attrarre	4
fuga	8
finestrella	3
aiola	4
incolto	2
sterposa	1
controllare	3
effetto	5
lume	5
candela	4
ispezionare	2
muro	24
andito	1
qui	45
qua	31
questa	6
fila	11
intervallo	2
percorrere	5
pavimento	1
traccia	5
Presto	3
lumachine	1
scappare	34
bestiola	1
lemme	2
deviare	5
giro	21
ozioso	1
ruvido	5
parete	2
occasionale	1
deposito	1
muffa	4
ingrommature	1
buia	1
ingombra	1
accidentato	1
sperare	14
anima	5
pace	8
notte	41
caccia	34
reggere	27
candeliere	4
schioppo	7
illuminare	6
sbandare	1
soffitto	4
scia	2
argenteo	3
risuonare	5
fucilata	1
letto	19
sobbalzare	2
subito	53
riaffondammo	1
guanciali	2
avvezzare	1
notturno	3
distruggere	2
pezzo	6
intonaco	1
schioppettata	1
irragionevole	2
vocetta	2
stridulo	1
Aiuto	3
aiuto	5
spogliare	7
armare	6
sciabola	4
avvocato	27
seccatura	2
dormire	15
pagliaio	1
chiaror	1
torcia	3
cuore	17
ormai	53
svegliare	14
amore	41
disturbare	2
buco	5
agguantare	1
frusta	2
cocchiere	4
ricoprire	7
striatura	3
violare	37
schiena	4
natica	1
chiudere	16
stanzino	2
squallido	1
prigione	4
tre	27
acqua	30
insalata	1
cotenne	1
bue	1
fortunatamente	1
puntare	17
sovrintendente	1
zuppa	1
toccare	22
Mangiate	1
rinchiudere	2
trangugiare	1
mollusco	1
po'	77
viltà	1
sì	63
cosicché	8
protesta	4
deludere	1
paragonare	1
forza	21
volontà	6
bambino	9
sovrumano	1
contrassegnare	1
E	14
voltare	30
spalla	19
vai	11
porta	10
vetro	1
vestibolo	1
tricorno	16
spadino	20
Corse	5
giardino	46
acconciare	4
proprietà	4
capello	9
incipriare	1
nastro	6
cravatta	2
marsina	7
verde	26
coda	20
calzonetti	1
color	5
malva	1
ghette	10
bianco	30
coscia	2
concessione	2
intonare	2
campagnolo	2
esentare	1
cipria	2
occasione	5
gala	1
nodoso	1
sicurezza	1
rapidità	1
pratica	2
motivo	6
utilitario	1
frutta	20
nido	7
uccello	26
superare	5
difficile	9
bugne	1
tronco	45
inforcature	1
alto	73
bello	41
fermare	33
laggiù	6
scherzo	5
voce	40
ingiusto	2
accanirsi	1
sull'	47
altezza	14
contegno	4
sdegnoso	1
offeso	3
Vorsicht	2
cascare	8
poverino	3
esclamare	9
ansia	5
volentieri	5
carica	8
cannonata	1
intanto	15
pena	10
grosso	20
comodo	7
penzoloni	5
incrociare	5
ascella	1
insaccare	3
calcare	3
davanzale	8
cambiare	22
idea	41
ti	55
appena	40
scenderò	2
mantenere	2
parola	35
sbracciare	2
ponte	7
sopra	44
sole	11
schermo	1
lassù	38
divertimento	3
viale	5
prospettiva	2
ortensie	1
camelia	1
tavolino	1
caffè	3
chioma	5
sfìttivano	1
ortaglia	2
digradare	3
sostenere	3
pietra	12
dosso	4
scuro	3
oliveto	6
abitare	8
tetto	4
mattone	1
sbiadire	3
ardesia	2
spuntare	4
pennone	6
bastimento	2
porto	10
orizzonte	4
lento	5
veliero	1
ecco	39
rosaio	1
ostentare	2
badare	10
staccare	9
discutere	6
giocare	14
attirare	6
serbare	2
restare	71
Smisi	1
accoccolare	3
panca	1
continuare	33
osservare	5
vedetta	5
limoneti	3
donna	37
cesto	1
mulattiera	2
china	2
mula	2
rumore	19
zoccolo	5
ferrato	1
verso	61
cantare	13
svolta	3
tendere	17
Aah	1
glielo	2
ragnetto	1
scheggia	1
scorza	7
frugare	4
vespa	3
arrabbiato	1
sventolare	5
volo	11
pianta	49
zucca	2
acquattare	2
veloce	5
scaletta	1
perdere	37
filari	7
fogliame	6
udire	23
frullare	7
merlo	3
Stette	3
controsole	2
olmo	15
metro	6
facile	7
passo	30
conquistare	1
sommità	1
palco	4
arrampicabile	1
carrubo	7
gelso	11
avanzare	6
camminare	11
sospendere	8
scavalcare	6
cinta	2
Ondariva	28
benché	5
confinare	1
Marchesi	5
Nobili	1
godere	11
parecchio	4
generazione	2
diritto	9
feudale	3
astio	1
reciproco	1
dividere	11
mastio	1
fortezza	2
erigere	2
Marchese	7
aggiungere	10
ciò	13
gelosia	12
circondare	8
popolare	1
veduta	3
attuale	1
discepolo	1
Linneo	2
vasto	6
parentela	3
Corti	2
Inghilterra	3
prezioso	3
rarità	2
botanico	1
colonia	7
sbarcare	2
sacco	28
seme	2
fascio	1
talee	1
arbusto	2
vaso	1
perfino	7
enorme	4
involti	1
pan	1
attorno	15
radice	5
finché	26
mescolanza	1
foresta	12
Indie	2
Americhe	3
addirittura	7
Nuova	2
Olanda	1
affacciare	7
orlo	1
oscuro	7
nuovamente	1
americano	1
magnolia	14
nero	28
carnoso	1
fiore	11
cornice	1
equilibrio	5
calare	22
scomparire	15
racconto	7
riferire	5
ricavare	4
spargere	15
testimonianza	2
induzione	1
fitto	15
praticabile	2
esperto	3
resistere	6
legno	7
dolce	3
punta	15
scarpa	3
sbucciare	2
aprire	22
ferita	1
avvolgere	10
profumo	4
fresco	9
pagina	13
verdeggiare	1
brillante	2
odorare	2
irregolarmente	1
olfatto	1
discernere	1
varo	5
aroma	2
noto	9
giungere	27
fin	29
segreto	22
fronda	18
nuovo	56
quali	10
lustro	1
correggere	3
velo	6
minuscolo	2
pennate	1
troncare	3
liscio	3
scaglia	3
silenzio	11
levare	28
luì	2
oh	19
ba-lançoire	1
appendere	28
dondolare	3
altalena	27
bambina	33
dieci	4
biondo	16
pettinatura	2
buffa	1
bimba	1
azzurro	4
troppo	29
gonna	5
sollevato	3
traboccare	1
trina	2
socchiudere	5
vezzo	2
dama	8
mela	12
piegare	6
fune	12
spinto	5
colpire	4
scarpino	1
terreno	14
punto	38
basso	26
arco	1
soffiare	5
labbro	13
frammento	3
buccia	2
morsicare	1
ba-la	1
nçoire	1
ragazzina	11
canzone	2
cima	51
piede	58
piantare	5
appoggiare	6
attento	8
Tutt'	4
tratto	28
ritto	7
rotolare	4
sguainare	7
abbassare	8
infilzare	4
porgere	16
frattempo	3
percorso	6
completo	2
sporcare	1
ammaccare	1
pentire	1
mostrare	18
stupore	2
ragazzetto	1
sconosciuto	3
riprendere	18
sussiegoso	3
ladro	12
contrario	6
rubare	7
mente	19
fame	6
lama	8
dispetto	6
divieto	1
affilato	1
ragazza	14
masnada	1
siepe	9
saccheggiare	4
frutteto	8
genìa	4
insegnare	9
disprezzare	5
sfuggire	9
liberare	8
invidiabile	1
diventare	37
avanti	21
tagliare	10
spiccare	6
masticare	2
scoppiare	14
risata	5
durare	6
amico	26
quelli	33
scalzi	1
manica	1
camicia	4
spettinare	3
parrucchino	1
incipriatura	1
affatto	4
giudicato	1
aspetto	6
inferiore	1
damigella	2
padrona	2
amica	7
riempire	11
vergogna	5
parrucchin	1
canterellare	3
ripicco	1
orgoglio	4
voi	40
spaventare	9
serio	5
brigante	30
terribile	9
volare	30
sfiorare	6
spingarda	2
cinque	5
carrozza	21
viaggio	20
spada	24
stringere	10
II	16
spiegare	18
Gian	71
Brughi	70
dei	4
regalo	3
Natale	1
Pasqua	1
ah	51
ondata	1
faziosità	1
protettore	2
brigantaggio	1
contrabbando	2
zona	5
spinta	7
rapido	15
sgambettio	1
corda	22
Scendete	1
permesso	2
entrare	27
indire	2
incattivire	1
pario	5
calore	3
calma	6
ventaglio	4
posare	16
poltrona	5
vimini	3
caldo	9
passeggiare	2
indietro	8
bastonare	2
tono	10
proclamare	7
tentazione	2
Duca	4
territorio	16
ripetere	14
giusto	15
fissazione	2
millantare	1
smentire	2
discorso	17
ripetè	2
suolo	5
quassù	7
dappertutto	9
tuo	23
personale	4
vago	1
cielo	29
Di'	9
rodomontate	1
aspettare	38
imprevedibilmente	3
interessato	4
oltre	12
nell'	33
collina	5
bosco	90
Polonia	1
Sassonia	1
geografia	1
nome	28
parlare	46
egoista	1
te	22
invitare	15
tu	42
tua	2
stabilire	10
siccome	3
legare	27
dipendere	2
me.	3
afferrare	12
no.	10
Violante	4
Viola	70
Mino	6
patto	3
chiaro	13
ospite	3
sacro	2
entro	3
inviolabile	1
schiavo	5
incatenare	2
nemmeno	18
nemico	15
ugualmente	4
Biagio	4
vigliacco	2
ridurre	9
abitante	5
Lascia	1
signoria	2
regno	5
spezzare	7
casco	2
cenere	2
sei	3
sederti	2
nodo	5
urtare	1
aggrappare	13
esercizio	4
palestra	1
sciogliere	4
ginocchio	15
scattare	2
senso	16
provare	15
darti	1
insinuare	2
sberleffo	1
Vieni	2
sorridere	8
gentile	4
nessun	9
costo	5
ricominciare	3
leggero	8
uh	3
sedile	1
rovesciare	2
fortuna	7
saldo	2
altrimenti	4
piombare	5
salame	3
Traditrice	1
salita	5
discesa	2
maligno	4
finalmente	19
cavalcioni	8
asciugare	2
sudore	1
viso	47
Credevi	1
sventagliare	2
prorompere	4
acuto	7
femminile	2
signora	10
magro	3
largo	19
occhialino	3
ritrarre	2
intimidire	4
giovane	20
nascere	6
incantesimo	2
domandare	14
zia	19
scrutare	2
avvicinare	14
contemplare	4
strano	17
pappagallo	2
mais	6
est	9
des	4
Piovasques	1
jeune	1
homme	2
je	6
crois	1
Viens	1
avvampare	1
umiliazione	3
riconoscere	20
richiamare	3
fermezza	1
docile	1
richiamo	7
sottintendere	1
ch'	6
persona	27
esistere	4
straordinario	2
sprofondare	5
nube	4
ripungere	1
signorino	3
favorire	1
tazza	1
cioccolata	1
conoscenza	1
occhiata	4
sbieco	1
visto	2
nipote	2
tondo	4
battere	22
trasformare	2
rivincita	1
vendicare	1
avversario	2
intercedere	1
ufficialmente	1
accettare	8
sentimento	13
opposto	7
confuso	8
timidezza	2
solitudine	1
puntiglio	1
contrasto	2
frondosa	1
disparve	1
tonfo	4
fruscio	3
decidere	14
Macché	7
oscillare	2
Vedendomi	1
contrariato	2
arrabbiare	5
tacca	1
rivolgere	16
scalfire	1
agro	2
fico	15
T'	2
scostante	1
inghiottire	3
saliva	3
fretta	7
lezione	8
sera	20
mamma	9
babbo	3
rimpiattare	1
meditare	2
malfatto	1
chiedere	32
enunciare	1
convenire	1
rassicurare	1
avervi	1
trasgredire	1
insistere	4
richiesta	2
spiegazione	4
rispondere	41
America	3
alcun	20
comunicarmi	1
scoperta	3
Troncò	1
comunque	10
spassare	2
portamici	1
schifoso	1
ingozzare	1
dimmi	8
procurare	10
passaggio	8
carrucola	1
gancio	2
chiodo	3
gru	1
trasportare	7
canna	8
costruire	12
capannuccia	1
caso	22
scegliere	11
recapito	1
quercia	22
cava	1
cestino	2
perdonare	6
aiutarmi	1
fìnta	2
obbligare	7
merenda	2
tramonto	7
cena	4
buio	15
insomma	22
limite	2
proporzione	1
atto	2
simile	6
persuadere	2
premura	1
informare	6
combinare	3
svignarmela	1
colto	1
confabulare	2
punizione	1
leggere	36
ombra	29
codardia	1
tornare	59
buon	4
capitozzato	1
mento	5
stinco	2
minare	1
fece	2
fiato	4
fetta	1
crema	1
cioccolato	1
dev'	2
essersi	5
camera	5
bile	1
carezzare	5
Va'	2
digli	1
mordicchiare	4
coperto	8
farti	1
portamela	1
dinanzi	1
capolino	2
volteggiare	2
aquilone	3
apparecchiare	2
accendere	6
morrai	1
lato	2
ciondoloni	2
giudizio	2
questione	6
oooh	1
robusto	3
cento	4
tradire	4
riguardo	3
invidia	2
abituare	3
stranezza	5
qualcuno	16
mordere	5
unghia	4
dito	12
rovescio	1
soldato	15
Slavonia	1
Pomerania	1
avvistare	2
evitare	4
imboscato	1
smarrire	4
materno	4
riportare	9
clima	2
favorito	1
comportamento	2
divenire	4
tranquillo	4
fiero	5
retta	4
tranne	9
assentire	3
gravità	2
guerresco	1
parallelo	1
trarre	9
qualsiasi	6
argomento	3
sgombrare	6
responsabilità	1
preoccupazione	5
orario	1
soddisfazione	4
stanchezza	3
scomodità	2
snidare	2
ognuno	13
quartiere	1
facciata	1
acceso	2
riquadro	1
impannate	1
nostalgia	6
pernottare	1
sereno	3
indovinare	5
rannicchiare	8
incavo	2
luna	18
tardi	7
risplendere	1
cincie	1
attraversare	13
remoto	1
mugghiare	2
frastagliare	2
respiro	4
alveo	1
affidare	1
esso	7
intorno	51
oggetto	7
abbracciare	10
minuta	1
galleria	1
larva	2
spegnere	4
lettino	1
intatto	2
fuor	5
rivoltare	1
lenzuolo	14
avvertire	10
gioia	7
nudo	12
disagio	5
allacciare	1
potersi	1
girare	23
rotta	8
abbandonato	2
coscienza	4
pulito	3
materasso	2
morbido	4
proiettare	4
richiudere	1
libro	48
antico	7
scimmia	4
Roma	1
Spagna	6
fitti	4
golfo	3
valle	12
cresta	1
monte	4
nominare	5
contrada	1
Francesi	6
prato	39
falciare	2
ricrescere	2
Napoleone	16
smettere	5
dovunque	2
vegetazione	7
contorcere	4
ingombrare	1
orto	10
cupola	2
pesante	4
ciliegio	14
bruno	2
cotogni	1
pescare	6
mandorli	3
pero	2
prodigare	2
susini	3
sorbi	1
noce	18
annoso	1
grigio-argento	1
nuvola	13
sbiocca	1
costa	8
paese	16
accatastare	1
rocca	1
leccio	10
platano	16
roveri	3
disinteressato	1
altera	1
sfogo	2
ordinare	5
cinto	1
cancello	3
olivo	16
pino	23
regnare	1
plaga	1
infiltrare	1
ciuffo	4
versante	2
spiaggia	7
larice	1
frequente	2
sembrare	18
pregiato	3
vittima	2
scura	2
castagno	11
montagna	4
confine	6
universo	1
linfa	1
accorgercene	1
Capì	1
spostarsi	1
miglio	2
impratichire	1
itinerario	5
misurare	4
distanza	6
estimo	1
tracciato	2
salto	20
accorgimento	1
alba	3
schiamazzo	1
storno	1
madido	1
rugiada	1
intirizzito	1
formicolio	1
felice	18
corona	3
fumo	8
casolari	2
ripe	2
mucchio	2
sasso	10
alzato	1
prugni	1
tarchiato	1
fogliolina	2
colore	11
accesparsi	1
lattughe	1
verze	1
semenzai	2
V	3
imbuto	1
paesaggio	3
onda	8
visibile	2
udibile	1
bastare	28
propagare	7
inquietudine	2
scoppio	5
crosciare	3
vociacce	1
infuriare	1
convergere	3
probabile	2
provenienza	1
dentato	1
veleggiare	1
distratto	4
precedenza	1
formulare	1
ciliegia	9
frondoso	2
dirigere	6
carico	9
distinguere	5
addossare	11
maturo	10
ciacc	1
palpebra	3
controcielo	1
appollaiare	10
stettero	1
zitto	8
smorzare	3
Guardalo	1
spartire	1
sfrangiare	1
cappello	13
paglia	4
alcuni	3
incappucciare	5
lacero	4
brache	3
scalzare	2
fascia	2
pezza	1
collo	18
togliere	12
banda	14
ladruncolo	6
obbedire	3
ingiunzione	1
mattino	13
ripromettere	1
fermo	13
indicandoselo	1
lanciare	11
sottovoce	2
motto	1
sputare	5
nocciolo	2
qualcuna	4
bacare	1
beccare	5
averle	1
vorticare	2
picciòlo	1
mossa	6
fromboliere	1
Uuuh	1
pendere	5
battichiappe	1
soffocare	2
riso	5
matto	14
manigoldi	1
lerciare	1
bottino	3
cappuccio	5
pestone	1
fiutare	5
pericolo	9
deridere	1
sfoderare	1
brandire	5
accartocciato	2
ladroncelli	1
disappunto	1
meraviglia	4
compare	1
insulto	1
dialettale	1
Cuiasse	1
Belinùi	1
rallegrare	1
successo	2
furia	11
scatenare	5
latrare	2
stavolta	7
bastardelli	1
forcone	2
chiasso	3
allarme	10
agricoltore	3
ergere	3
attacco	3
Stanchi	2
proprietario	8
fìttavoli	3
vallata	3
federate	1
tattica	2
furfantelli	1
scalata	1
daccapo	1
cioè	7
venuto	2
cane	46
sguinzagliare	1
abbaiare	12
rampare	7
irto	3
forca	6
fieno	1
ladruncolitre	1
quattro	13
bucare	2
tridente	2
urlare	11
sfondare	1
testata	2
fìlari	2
sbigottire	5
precedere	4
minuto	8
vagabondo	7
tonto	2
andarsene	4
penzolare	3
susino	1
ritrovare	11
penare	1
carponi	2
tortuoso	1
bisognare	17
storcere	1
rovere	1
allungare	5
inseguire	9
aggirare	2
guado	1
monello	11
cristiano	2
saltimpalo	1
vedendoselo	1
Ehi	10
dabbasso	1
pigliare	7
branco	7
assaltare	2
lavorare	5
metodo	1
intrecciare	3
picciòli	1
arroganti	1
candito	1
sbuffo	2
macchiare	1
panciotto	2
mangiagelati	5
sbaglio	2
Sinforosa	10
misterioso	6
arrossire	3
suonare	6
stamane	2
altolocato	1
sparare	15
sale	2
assorto	3
straccioncelli	1
ridere	17
sghignazzare	1
riavere	3
inseguitore	1
calcagno	2
squadra	11
rieccoli	1
scacco	3
piolo	7
rastrello	1
diramare	2
aizzare	1
sparpagliare	1
svellere	2
disorientare	4
polpaccio	1
bastonata	2
pietrata	1
Scendi	1
salvandosi	1
Dormi	1
bastone	4
mulinare	5
petto	11
inchiodare	1
Ferma	1
Baroncino	2
costassù	2
mischiare	3
marmaglia	3
Giuà	3
Vasca	4
manente	1
ritirare	8
molti	5
inchinare	3
Fatelo	1
riaccompagnare	1
grazia	3
incomodare	1
riapparire	4
risparì	2
solamente	2
eccolo	3
distante	5
ondeggiare	5
svettare	2
selvatico	15
diavolo	2
canto	7
grido	5
solfeggiare	1
Sin-fo	2
ro-saaa	1
vLa	1
apprendere	4
personaggio	2
cavallino	11
nano	3
amicizia	6
straccione	1
proteggere	4
prepotente	1
comandare	9
sentiero	5
incustodito	1
accompagnare	5
assalto	5
ufficiale	32
costiero	1
donde	4
campagna	18
sospetto	7
padrone	7
contadino	8
suono	11
tradimento	2
commettere	1
danno	2
prediligere	2
Bel-Loré	6
canzonare	3
Ugasso	14
appunto	5
bastonatura	1
furto	3
beniamino	1
geloso	9
alleato	1
promettere	2
ripetuto	1
condire	1
olio	2
ricino	1
torcere	5
pancia	6
settimana	12
episodio	6
tipo	3
rottura	1
rimpianto	1
ascoltare	14
particolare	5
ricomporre	1
immagine	4
nota	3
conferma	1
sicuro	13
dintorno	5
smania	9
indeterminato	2
guidare	9
servizio	3
incitare	4
difendere	4
bravura	1
indirettamente	1
proposito	3
straccamente	1
malinconia	1
improvviso	10
svelto	6
gatto	39
chissacché	1
nervoso	7
muto	3
istinto	8
invasare	1
qualunque	1
indemoniato	1
esorcizzare	1
abbé	1
demonio	6
sacré	1
nom	2
de	20
Dieu	2
riscuotere	2
risvegliare	2
preciso	6
concatenazione	1
iniziare	4
teologico	1
complicato	6
rettamente	2
inteso	1
presenza	8
contraddire	3
relazione	2
reputare	4
escludere	5
priore	1
spazientire	1
ansietà	1
fluido	1
sovrastare	3
consolidato	1
pratico	5
ricerca	7
strumento	1
adatto	3
risolvere	5
scovare	2
cannocchiale	9
treppiede	1
applicare	2
terrazza	5
raggio	4
scorgere	7
cenno	3
altura	1
rispuntare	1
dato	1
altrove	3
sbagliato	1
esaminare	2
catastale	2
atteggiamento	6
pensoso	1
altra	18
geroglifico	1
carta	9
calcolare	1
angolazione	1
lentamente	8
trepido	1
sorriso	5
davvero	7
ella	13
colorare	2
accanto	2
sgabello	1
ritmare	1
messaggio	2
linguaggio	3
convenzionale	1
possedere	2
maneggiare	2
attrezzatura	1
gola	7
fazzoletto	6
appallottolare	3
generalessa	2
riposare	2
veste	3
anziché	1
semplice	6
impedire	3
straziare	1
donnina	1
delicato	1
difesa	3
stile	1
ereditare	3
banderuola	1
destino	2
consueto	2
affetto	2
pagare	7
saluti	2
scambiare	7
curioso	4
illusione	2
saluto	4
disporre	6
perpetuamente	1
novità	2
riguardare	1
almanaccare	1
tentare	5
darsene	2
soave	1
pappa	1
cucchiaino	1
schiaffo	2
mostruoso	2
poltiglia	2
smaniare	1
partecipe	1
impresa	7
pezzente	1
pauroso	1
diffidenza	2
solidale	3
entusiasmo	3
spola	5
abbaino	2
spaziare	1
gazzarra	1
affiorare	2
tastare	1
fa	2
scoiattolo	13
Grande	3
ammutolire	2
sorpresa	4
risentire	2
fiamma	9
rischiare	3
curva	1
briglia	4
criniera	2
frustino	5
dorato	1
catenina	1
susina	2
cicatrice	1
lembo	5
piare	4
costringere	4
vincere	6
desideroso	1
principiare	3
frase	8
cadenza	1
ritornare	13
compagna	1
sfrascar	1
ansare	2
appiattiti	1
sbottare	1
basare	1
tenacia	1
dichiarare	6
gloriare	1
fatuo	1
meschino	1
dette	1
voglia	11
pidocchioso	1
muggire	1
ululato	1
crepapancia	1
tale	11
soprassalto	3
rabbia	3
traditore	2
spaccare	1
precipitare	4
durante	6
soggiorno	4
senonché	2
impigliare	5
spanna	3
sangue	8
rossore	1
sbarrare	1
capovolgere	6
ululare	3
capriola	1
ricomparire	2
ribaltare	1
abisso	1
volante	1
impennare	1
guizzo	3
attaccare	5
ricondurre	2
dimenticare	7
istante	3
smarrimento	1
cupa	2
commentare	5
eccitazione	3
stranito	4
chiar	1
imitare	5
galoppare	9
corto	4
cieco	4
scartare	1
corsa	23
seminare	1
smussare	1
arrancare	2
galoppo	11
rifuggire	2
eccola	2
appigliare	1
linea	7
contorta	2
tresca	2
sella	17
fischiare	9
fischio	9
dileggio	2
allontanare	13
Porta	6
Capperi	5
rincorrere	6
delusione	2
notare	2
allegria	6
apposta	7
percepire	2
corteccia	6
allocco	1
violento	2
sassaiola	1
ghiaino	1
sassolino	1
obliquo	5
scatenato	1
ro-sa	1
schi-fosa	1
guarnire	2
cascata	6
cappero	1
catapecchia	3
gridìo	1
casupola	1
baracca	4
asse	1
carrozzone	1
zoppicante	1
tenda	5
assiepare	1
città	10
sciamare	1
carestia	1
miseria	2
espandere	3
bimbo	1
seno	4
fornello	3
fumoso	1
men2	1
dicare	1
sbendare	2
piaga	1
dado	2
rotti	1
compagno	8
frittura	1
alterco	2
manrovesci	1
azzuffare	1
polvere	7
straccio	3
invischiare	2
umano	15
sfaceva	1
denso	4
insulsaggine	1
apparizione	2
polverone	2
strillo	1
rotolio	1
sferragliare	1
sprizzare	1
scintilla	2
ciottolo	1
Un'	3
crestata	1
innalzare	1
rimboccare	1
carriera	3
spruzzo	1
salare	1
bagnare	4
scopo	2
programma	2
desiderio	8
possibilità	2
offrire	8
ricapitare	1
indaffarato	2
balzare	4
polemica	2
farci	1
governante	3
proboscidi	1
ammali	1
stella	4
rettile	1
bambù	2
trasparire	3
scorribanda	1
montare	7
libero	6
confidenza	2
inconcepibile	1
superiore	5
disdegno	1
amarezza	2
avversione	4
ospitare	1
incoraggiare	2
catturare	4
sottolineare	1
intenzione	7
aggressivo	1
presentare	15
restituire	2
ingiustificato	2
rapporto	15
dignitoso	1
nobiluomo	1
servitore	5
armato	6
fez	10
farfugliare	3
scusa	1
famiglio	3
potatura	3
Cavaliere	28
Acchiappiam	1
acchiappiam	1
sghembo	2
primogenito	3
rampollo	1
India	6
pei	1
vialetto	2
cerchio	4
manovrare	1
cin3	1
que	11
rovinare	2
aiuola	1
vice	1
condotta	3
dentro	19
assistere	4
trambusto	2
spazioso	1
caro	6
solennemente	1
gradinata	1
vestaglia	1
papalino	2
stranamente	1
circolare	3
baroncino	1
trotterellare	5
vasca	4
zampillo	2
rosetta	1
annaffiare	1
imprevedibile	3
infido	2
indole	2
incarico	2
ciarlare	1
amichevolmente	1
ingraziarselo	1
qualità	1
conversatore	1
affidamento	1
ritroso	2
domanda	12
uguale	7
palandrana	1
pressapoco	3
indisturbato	1
tendina	3
scoperse	4
gettare	20
bacca	1
impannata	1
aperse	2
recludere	1
disperato	6
superficie	1
terrestre	1
sostegno	2
irregolare	4
avvenire	7
scatto	4
precario	1
zig-zag	2
volgere	4
faggio	9
ansante	4
distendere	2
cangiare	1
sfumatura	1
impalpabile	3
piuma	5
sfera	1
soffioni	1
isolato	3
irraggiungibile	3
pigne	2
oblunghe	1
rampichini	1
marrone	2
picchiettare	1
ago	4
posizione	4
becco	2
bruchi	2
pinoli	4
elemento	2
difficilmente	2
possedibile	1
malsoddisfatto	1
penetrazione	1
scagliare	3
cacciatore	12
vivo	7
fucile	31
accanendosi	1
esplorazione	2
impraticabile	1
colpo	23
problema	6
fissare	6
scostare	5
sospiro	6
sollievo	3
timore	2
nitido	1
tremante	2
spaventoso	2
soriano	2
baffo	5
aculei	1
istrice	2
soffio	3
doppio	3
affilare	1
uncino	2
aguzzi	1
tensione	4
guernite	1
falsamente	1
tenue	1
peluria	1
gonfiare	5
rattratto	2
dipartire	1
fremere	1
fianco	4
posa	1
innaturale	1
insostenibile	1
esagerare	1
mascherare	4
lancinante	2
unghielli	2
pronto	16
iridare	1
gialla	1
ruotare	1
pupilla	1
bofonchiare	1
cupo	5
intenso	2
tacere	5
cinguettio	1
Saltò	1
verticale	1
spavento	1
felino	2
teso	7
inarcare	1
dorso	1
fff	3
perfetto	3
ragionare	4
Fff	1
Sotto	1
preferibile	1
piuttosto	1
emettere	2
straziante	1
gnaulìo	1
scontrare	3
salvo	4
arruffìo	1
scemo	1
facilmente	2
artigliare	1
guancia	4
serrare	2
riverso	3
sbalestrare	2
vittoria	4
avventare	3
a-fondo	2
infilare	3
gnaulante	1
lordo	2
stecchito	3
spiedo	5
triplice	1
unghiata	1
dolore	10
cadavere	2
strazio	1
impegnare	3
scampo	2
fallire	1
insanguinare	2
disfare	2
sformare	1
corso	5
terrazzo	1
ferire	8
Was	1
pertinente	1
definizione	1
colcannocchiale	1
Das	1
stimmt	1
garza	1
cerotto	2
balsamo	1
rifornire	1
ambulanza	1
battaglione	2
portassi	1
dovendosi	1
medicare	3
pacco	4
benda	4
trionfante	2
uccidere	6
spiazzo	3
bagaglio	5
severo	3
Marchesa	30
sanguinante	1
pazzo	1
moto	3
raccapriccio	2
nouveau	1
ici	4
Et	2
arrangé	1
facon	1
parente	4
scandire	2
collegio	1
degnare	1
sportello	2
serpere	1
partenza	4
dedicare	5
cruento	1
frusto	1
schiocco	3
sventolio	1
addio	4
graffio	2
gloria	8
disperazione	2
separazione	2
ingorgare	1
dirompere	1
pianto	3
urlo	4
stridere	2
rametto	4
strappato	1
Hors	3
Polisson	1
sauvage	2
notre	2
jardin	1
inveire	2
accorrere	5
faccia	11
singhiozzare	1
raccattare	2
letamaio	2
partita	3
collegare	4
lenza	3
ripescare	1
ulivo	6
morto	4
scuoiare	1
conciare	2
berretto	15
tentativo	3
iniziativa	3
naturalmente	2
consultare	2
nottetempo	2
caldaia	1
vischio	4
appiccicare	2
cardellini	2
scriccioli	2
avviluppare	1
farfalla	8
falda	1
probabilmente	3
laidamente	1
imbrattare	2
seccare	1
convincere	5
temere	7
dignità	1
ducale	4
compromettere	1
pallido	5
scavare	5
volto	5
conseguenza	4
dinastico	2
erede	5
francolino	1
fanciullo	1
controverso	1
inutile	3
intendere	8
velleità	1
Ombrosotti	14
ameno	1
privato	4
cittadino	16
ducato	2
tributario	1
Repubblica	5
Genova	7
comprare	2
Comune	1
debito	2
nobiliare	1
visita	7
costare	2
vantaggio	5
Corte	2
impiccio	1
impegno	1
spesa	4
capitale	4
politica	4
sovrano	1
spodestare	1
vicinato	2
straniero	4
frequentare	7
risparmiare	1
penuria	1
finanza	1
popolo	8
gretto	1
negozio	2
vendere	3
li4	1
moni	1
usanza	4
limonata	1
zuccherato	1
diffondere	2
classe	2
ricco	5
limone	3
riattare	3
incursione	1
pirata	32
repubblica	7
possesso	5
Sardegna	1
Regno	1
vescovile	2
trafficare	3
tributo	2
sudare	1
data	1
esazione	1
tumulto	2
esattore	5
gragnuola	2
marcio	1
tessere	1
congiura	3
gesuita	13
mortale	1
tramare	1
screzio	1
conteso	1
Gesù	2
sorgere	3
Padre	9
provinciale	1
Diocesi	1
agente	1
attentare	1
milizia	3
fedele	2
Vescovo	1
prigioniero	4
asilo	1
protezione	1
perseguitare	1
spirituale	2
fidare	3
debole	2
disgraziato	2
considerare	6
cinquantenne	1
traverso	1
fìngevano	1
rispetto	3
soffrire	9
apparenza	2
sottomettere	3
odiare	1
sordomuto	1
Turchi	2
intelletto	1
calcolo	3
capace	4
lode	1
esagerato	2
passato	9
gioventù	5
nonno	2
affezionare	2
attribuire	3
Turchia	3
soggiornare	2
barbaresco	4
Tunisi	2
Algeri	2
maomettano	2
Tante	2
importante	3
dignitario	2
Sultano	2
Idraulico	1
Divano	1
palazzo	8
disgrazia	2
remare	5
galera	2
ottomano	2
prigioniera	1
Veneziani	1
Venezia	2
accattone	2
rissa	1
rissare	1
schivo	2
ceppo	1
riscattare	2
tramite	2
ufficio	3
ricapitò	1
omino	3
calvo	2
barba	12
mutolo	1
scena	4
imprimere	2
infagottare	2
panno	4
suoi	2
autorità	6
destinare	2
studio	13
riempiere	5
disordine	1
gabinetto	1
borghese	1
foggia	1
tollerare	2
compito	3
castaldi	2
manenti	1
timido	3
favellare	1
cura	4
affare	6
disegno	4
impianto	1
irrigazione	1
cifra	1
lavagna	1
scrittura	1
sosta	3
adirare	2
accenti	2
ondoso	1
diverbio	1
passetto	1
cocuzzolo	3
porta-finestra	1
fratellastro	4
procedere	5
ostinare	1
allargare	8
ingobbire	1
pugno	6
sfida	2
mira	3
destrezza	1
saggiare	1
sfidare	1
piastrella	2
spoglio	1
curvo	1
mantello	7
disperso	1
soglia	3
cavalcare	2
spogli	2
obbedienza	1
logico	1
sensato	1
spettacolo	1
amaramente	1
degno	4
gentiluomo	3
rimprovero	1
lontananza	4
distacco	2
comportare	2
sentenza	2
gravemente	2
quantunque	1
fittavolo	2
castagna	5
alterare	2
cinico	1
mesto	1
comunella	1
bastardo	2
pacato	1
duole	1
devozione	1
Intendete	1
selvaggio	2
insegnamento	1
risposta	7
abile	1
sminuire	2
portata	4
debolezza	2
dunque	26
stringente	1
ritorno	5
massimo	4
latina	1
solenne	1
pisciare	2
netto	4
gridio	1
scarto	1
redine	2
indicare	11
rapidamente	4
Attento	1
spronare	3
pioggia	8
atteso	1
rada	4
goccia	2
Ciêuve	2
alga	2
pe	1
êuve	1
abbrancare	1
grondare	2
doccia	1
piovere	7
zuppo	2
acquate	1
temporale	1
inconveniente	2
fangoso	1
immune	2
riparare	5
attendamenti	1
Avrà	1
ombrello	7
osservazione	1
campale	1
ributtare	3
Ja	1
ganz	1
gewiss	1
bottiglia	3
sciroppo	3
calza	3
lana	3
incerare	1
trasudare	1
umidità	2
paracqua	2
scivoloso	1
pozzanghera	1
inclinare	3
lavare	11
demanio	2
ingrossare	3
rifugio	7
avvoltolata	1
chiarore	3
Cosimooo	1
Biagiooo	1
bagno	4
imbacuccare	1
sin	2
salice	1
attraverso	6
intrico	1
ramificazione	1
impossibile	2
lanterna	11
tappeto	2
piancito	1
asso	1
poggiare	1
reggia	1
accorgersi	2
quant'	2
instabile	2
falla	1
cedimento	1
coprire	2
colare	2
bagnati	1
ammassare	1
quantità	3
coperta	2
seppellire	3
incerto	7
guizzare	2
costruzione	1
intricato	2
bere	5
Puah	2
provvisorio	2
affrettare	5
venirci	1
qualcun	2
Dev'	1
stuoia	2
accavallare	2
coricare	2
fidanzare	5
indomani	6
semplicemente	2
bruscamente	2
mosca	1
Abbé	4
tradurre	2
Virgilio	1
imbarazzo	1
facilitare	1
latino	5
sgabelletto	1
coro	3
esametri	1
perdetti	1
esili	1
issare	3
aiutare	9
compitare	2
chini	1
allievo	3
allocchito	1
prete	5
Au	2
secours	2
calmare	1
discendere	3
accostare	2
zappare	2
letame	1
cortese	2
cucù	1
varcare	2
raccapezzare	3
salutare	7
cavare	9
vociare	2
abitudine	8
apprezzare	3
brutto	12
ingrassare	1
semina	1
ritrosia	1
villico	1
solco	1
storto	1
pomodoro	1
commissione	2
moglie	5
falciatore	1
cote	1
fiducia	1
frumento	1
passeri	3
strepito	1
raro	4
girovago	2
accampare	2
carbonai	12
calderai	3
vetrai	1
buscare	1
mestiere	6
piazzare	1
laboratorio	2
capannucce	1
Dapprincipio	2
giovinetto	1
spirito	3
folletto	1
narrare	5
cenerina	1
numeroso	1
Hura	3
Hota	4
bergamasco	2
corporazione	2
legame	1
gruppo	1
notizia	17
incaricare	1
M'	1
Rovere	1
Rossa	1
Hanfa	1
Hapa	1
‘	2
Hoc	1
Rispondigli	1
Hegn	1
Hobet	1
Ho	1
Hot	1
aspirare	3
zirlare	3
Conti	2
Estomac	6
diretti	1
baia	2
Tolone	1
interesse	9
rivendicare	1
confermare	2
curia	1
assenso	2
figurare	5
progetto	10
salamelecchi	1
zerbinotto	1
cacastecchi	1
imparruccare	2
Poverina	1
pio	2
scema	1
gale	3
guanto	3
Bisognava	2
giovanotto	5
garzone	1
villano	1
Contino	5
inchini	1
risatina	1
isterico	1
croce	2
cervello	1
Conte	15
mostra	1
maschio	2
Monsieur	6
maggiore	1
combinazione	1
mentito	1
tordo	8
trascurare	1
selvaggina	6
privo	1
pazienza	2
circostante	2
interloquire	3
vietare	1
piccino	1
abbattere	3
gliele	1
interrompere	6
conversazione	4
estate	8
pel	8
tracollare	6
ehi	1
divertire	3
direzione	9
assicurare	5
arsenale	2
eh	15
sforzo	2
malafede	1
inchino	4
Riverisco	1
scimunito	1
original	2
ça	2
très	2
pulire	2
ungere	2
grasso	1
flanella	1
Principessa	1
schiattare	1
trafelato	4
singhiozzo	5
impensierire	1
spiacevole	1
lucertola	4
riscappò	1
serata	3
dissimile	2
partecipare	2
straforo	1
Europa	7
Vergogna	1
immotivato	2
tant'	2
favorevole	3
xGli	1
comoda	1
piana	2
paziente	1
fermarcisi	1
varietà	1
padiglione	12
nervatura	1
frutto	7
lattice	1
gemere	3
peduncoli	2
impregnare	2
umore	1
gommoso	1
ronzio	3
calabrone	1
sorbo	1
mora	1
peccato	4
noci	4
sterminato	2
innumerevole	2
certezza	2
persino	1
ondulate	1
elci	1
trattare	5
suggestione	2
ricercato	1
amare	22
screpolare	1
sovrappensiero	2
quadrelli	1
fatica	2
rifare	1
desquamava	1
strato	1
muffire	1
bugnare	1
bitorzoli	1
ricacciare	2
getto	2
ciuffì	1
cartaceo	1
samare	1
muovercisi	1
esile	2
varco	3
preferire	10
impalcare	1
spazio	2
appiglio	3
spinoso	3
riccio	5
par	2
distinzione	1
ricurvo	2
ruga	1
irruvidire	1
scorze	2
variare	2
seconda	1
velario	1
tremanti	1
scuotersi	1
vela	9
incurvare	1
appiattiva	1
sproporzionato	1
stipare	2
cellula	1
interno	2
chiazza	1
tramontare	1
brivido	1
ricantucciano	1
bruco	2
schiudere	2
uovo	2
comporre	4
cavo	3
pulviscolo	1
gracchiare	2
squittio	1
zampettio	1
cicala	1
sceverare	1
bioccolo	1
stame	1
rivelare	7
rana	3
gracidio	1
sfondo	2
mutare	2
flusso	1
ammicco	1
scorrere	1
profondo	4
murmure	1
inverno	11
giubbotto	2
pelliccia	2
cucire	1
volpe	14
martore	1
furetto	1
capra	3
cuoio	2
pantofola	1
paio	5
tasso	2
mite	3
stanare	4
Russia	3
sistema	10
otre	4
capanna	3
insolito	2
traversare	2
sgranare	3
Dicevano	1
luminoso	2
gufo	3
ghiandaia	1
stirare	3
sbadigliare	2
busto	3
fiaschetta	1
arcuare	2
storta	1
sgranchire	1
scrollare	5
grattare	3
sveglio	2
incominciare	5
fontana	3
pensile	5
inventare	8
natura	13
rivo	1
strapiombo	2
pioppo	2
grondaia	1
sapone	6
ticchio	1
bucato	1
tinozza	1
pigna	3
acciarino	2
predisporre	2
focolare	2
fascina	2
paletta	1
molla	1
richiedere	2
provocare	4
incendio	21
cambio	3
ortaggio	1
campare	2
latta	1
palmo	3
secchio	3
mungere	1
padovano	1
averci	2
comprendere	9
Merdanzo	3
ontano	3
propizio	1
appartare	2
comodamente	1
viciniori	1
scolare	1
civilmente	2
rispettare	2
decoro	2
prossimo	4
necessario	4
complemento	1
fratto	1
cespuglio	6
beccaccino	1
quaglia	1
incon7	1
trando	1
sparo	4
brughi	3
In	1
impronta	2
recuperare	2
rigogolo	1
arnese	5
pesca	3
spago	4
beccaccia	2
formica	1
roveto	1
finora	3
riporto	2
mattina	2
nottata	1
attendere	13
vetta	5
pista	2
latrato	2
segugio	9
casuale	2
rispettoso	3
norma	2
infallibile	2
altrui	6
Uauauaaa	1
odore	3
narice	2
svoltare	2
uggiolio	1
Uì	1
uì	1
fendere	1
pesce	5
delfino	1
nuotare	2
aguzzo	2
sguazzare	1
pinna	1
palmipede	1
bassotto	32
certamente	5
unire	5
Buaf	1
compatto	2
rete	1
nasale	1
radura	3
gerbida	1
impazienza	1
approfittare	3
pisciatina	1
trotto	2
ingiustificatamente	2
trionfale	2
uggiolii	1
furbizia	1
Uài	2
Aurrrch	1
ringhiare	1
odor	3
Ggghrr	1
disinteressarsene	1
scodinzolare	6
sbandato	1
rotto	2
sospingere	1
annusare	2
sfascìo	1
Auauauaaa	1
Iaì	2
iaì	4
sfinire	1
greve	2
archibugio	1
insistè	2
santo	1
Ottimo	8
Massimo	39
giovanile	3
rasente	1
fosso	1
cammino	3
inconsueto	1
persiana	2
sprangate	1
invasi	1
sterpose	1
trasloco	2
incidere	1
scrivere	23
Cane	2
innanzi	1
appresso	2
starna	1
carezza	2
festa	14
dialogo	4
intelligenza	1
monosillabo	1
adolescenza	1
anguilla	1
trota	1
stagno	1
vestiario	1
corrispondere	3
mutamento	3
totale	1
contatto	1
affisato	1
penna	6
gamma	1
corrente	5
vena	2
forma	9
fusto	3
branchia	1
profondamente	1
modellare	1
sembianza	2
assorbire	1
comunanza	1
lotta	3
rado	2
seguirci	1
Messa	2
domenica	2
indrappellata	1
cerimonia	1
riesumare	1
avviare	5
incedere	2
sagrato	1
diminuire	2
compassato	1
cattedrale	1
banco	3
appostare	6
navata	1
vetrata	3
frammezzare	1
chino	1
sagrestano	1
primavera	6
nobiltà	5
ballare	2
ebbene	6
festevolezza	1
struggimento	1
assente	1
piroetta	1
irriconoscibile	1
monacale	2
marzapane	1
grand	1
panier	1
corallo	1
sarta	1
scommettere	1
almeno	5
breve	7
membro	5
essa	3
svanito	1
sfuggente	1
numero	5
occupazione	2
sciabattanti	1
crepa	1
ricorrere	2
paraggio	3
ape	25
rintracciare	1
fiorita	1
sparso	3
ronzare	1
secondario	3
invisibile	1
aereo	4
andirivieni	2
arnia	8
intento	1
esse	2
brulichio	3
apicoltura	4
attività	3
favo	1
stillante	1
svolgere	5
ambito	1
evidentemente	1
cautela	2
sottrarre	1
provento	1
industria	1
paiolo	4
amministrazione	3
poiché	3
avaro	1
cera	2
mescolare	4
permettere	11
imbattere	2
assurdo	2
ficcare	1
aquila	2
adombrare	2
conficcare	1
pungiglione	1
cranio	2
premere	1
pezzuole	1
bagnate	1
aceto	1
siffatto	2
graffietto	1
foruncolino	1
sminuzzare	1
allevamento	2
alveare	4
compenso	1
zampettare	1
talvolta	7
calzare	2
turbante	7
spandere	1
insetto	2
suscitare	3
cancellare	2
rinascere	1
mago	1
succhiare	1
polpastrello	1
impazzire	1
vibrare	1
boato	2
grandine	2
orizzontale	1
colonna	3
moltitudine	1
struggente	1
sciamano	1
fungo	6
sciame	5
regina	2
padella	2
deng	2
rintronare	1
timpano	1
vibrazione	1
fastidioso	2
turare	1
Percuotendo	1
rame	1
clangore	1
scuotimento	1
menare	3
arrivo	4
melograno	4
dapprincipio	2
scorso	2
grappolo	10
zampette	1
cartilagine	1
frusciare	2
diafano	1
grigio	1
addomi	1
saltellare	2
scossa	2
migliaio	1
tappare	2
intesa	2
collaborazione	1
termine	4
eccessivo	1
socievole	1
pozzo	4
canale	6
escogitare	1
ligustro	2
spiare	3
conduttura	3
riporre	5
sua	1
euforia	1
sbucare	2
balzo	7
spruzzare	1
imboccare	1
precipizio	1
ordinario	1
dialetto	4
modestia	1
ignoranza	1
direttamente	1
accorgersene	2
acquedotto	2
sostenuto	1
gerbido	1
irrigare	2
perfezionamento	1
secondare	2
suggerire	1
bucherellare	1
visibilio	1
rintanare	3
foglio	6
importanza	1
insospettato	1
appuntamento	2
triangolo	1
ingombro	1
rotolo	1
sviluppo	1
fase	1
stancare	4
diradare	2
colloquio	2
completare	1
essersene	1
complicazione	1
ingegno	4
realizzare	1
incanalare	1
risucchiare	1
poroso	1
fiorire	6
canalizzazione	1
subire	3
chiunque	1
commissionare	2
irresoluto	1
disamorava	1
pala	7
zappa	2
arrotolare	1
maniera	2
rimettere	6
misura	1
aspirazione	1
impulso	3
desideri	1
veramente	7
Barberia	2
comparare	3
identificare	1
concentrare	1
deluso	1
rabdomanzia	1
pregiudizio	2
stregoneria	1
pi9	1
roette	1
verga	1
forcuta	1
giovare	2
avvertimento	1
somigliare	2
Rincorreteli	1
provenire	1
casolare	1
famigliola	1
Ahinoi	1
ahinoi	1
raccolto	2
affollare	5
maschera	1
pistola	4
viandante	2
derubare	1
borsa	3
rapina	6
barbuto	4
spianare	2
Inseguiamolo	1
bandito	2
stanotte	4
spalancare	2
vergognare	1
Mah	3
nascondiglio	1
taglia	2
acchiappare	5
conte	2
giustizia	6
delitto	3
imputazione	1
scolpare	1
impiccare	3
undicesimo	1
capobanda	2
bandire	11
rifugiare	4
losco	2
ambulante	1
impagliatori	1
seggiola	1
stracciari	1
ripostiglio	1
refurtiva	3
Sapete	1
mah	3
Be'	8
grilli	1
Ditemi	2
schiappino	2
ammazzare	2
dubitare	2
mica	4
coraggio	1
tramutare	1
dubbioso	1
apertamente	1
derisorio	1
curiosità	2
fringuello	3
Gil	3
Blas	3
Lesage	2
pretesto	2
malmesso	1
disarmare	2
sbirro	17
Fermatelo	1
impacciare	1
sbagliare	2
trappola	2
arrampicarcisi	1
diffìcili	1
incertezza	4
impulsivo	2
azzeccare	1
bivio	1
Bondì	1
Signoria	7
grazie	4
ispido	2
secca	6
squadrare	1
smarrito	1
affabile	1
cortesia	1
contento	6
sconoscere	1
ventina	2
prestare	4
Sa	1
giubba	5
Scosse	1
be'	1
caspita	1
malgrado	3
protettivo	1
francese	15
Francese	1
toscano	1
provenzale	1
castigliano	1
catalano	1
Bon	1
Bona	1
nit	1
Està	1
mar	1
mòlt	1
alborotada	1
prestito	2
lettura	11
ridare	4
spelacchiare	1
rilegatura	1
macchia	8
convegno	10
operazione	2
pericoloso	3
giustificare	2
criminale	1
tal	5
divorare	3
romanzo	9
tomo	4
pubblico	3
pressare	1
fornitore	1
mercante	2
ebreo	1
Orbecche	5
bussare	2
volume	5
gusto	4
farselo	1
età	5
sostanzioso	1
avventura	3
Telemaco	1
segare	1
esigente	1
trama	1
romanzetto	1
brigare	2
furioso	2
donnicciola	1
costola	1
svago	1
oretta	1
principale	1
giudicare	3
crescente	1
lettera	13
scibile	1
Richardson	3
pila	2
Plutarco	1
sdraiare	3
giaciglio	3
corrugare	1
arrossare	1
mandibola	1
umido	2
latente	1
struggere	3
abitudinario	1
casalingo	1
virtù	6
malvagio	1
vizioso	1
interessare	3
tana	3
isolare	1
tempesta	1
complice	1
fidato	1
inattivo	1
sbirraglia	1
furterelli	1
abituale	6
stagnatori	1
esperienza	3
scudo	2
smaltire	2
rivendere	1
bazzicare	1
compire	2
insaputa	2
aggredito	1
terrore	3
malvivente	2
cordone	1
rendita	2
imminchionito	1
ispirare	2
reverenza	2
utile	6
luccicone	1
guardina	1
rassegnare	1
riabilitare	1
caverna	1
proporre	4
Mmm	1
Costanzo	1
gabelliere	8
maledetto	1
stacciare	2
ambo	1
stringerselo	1
tuffare	2
ragnatela	6
ragno	6
sciagurato	2
rammollire	1
groviglio	1
filamento	1
appiccicoso	1
gridolino	2
strabuzzare	1
sputacchiare	1
Ridammi	1
Clarissa	8
Ridatemelo	1
culminante	1
Sta'	2
stasera	3
legna	4
lottare	1
gabella	1
forziere	1
stomaco	2
amaro	2
denaro	1
tristemente	2
Aaah	1
bruciare	4
Andrò	1
promettetemi	1
BelLoré	1
scalciare	3
grugnire	2
pentirsi	1
calmo	3
travestito	1
legnaioli	1
discosto	1
ridicolo	1
chiave	1
Ridatemi	1
sette	1
immobilizzare	1
caviglia	2
condurre	7
torretta	1
pinastri	2
dappresso	2
cella	1
inferriata	2
interrogatorio	2
copia	3
malaffare	1
scartabellare	1
istruttorio	1
confessare	5
rattristare	1
deprimente	1
Fielding	1
vicenda	5
movimentare	1
ripagare	3
libertà	6
perduto	3
Jonathan	1
Wild	1
esecuzione	3
carretto	1
frate	2
vivente	2
impiccagione	1
cappio	2
condannato	1
dispiacere	4
dirtelo	1
Gionata	1
sia	4
calciare	1
strozzare	1
folla	3
cessare	1
dibattere	2
impiccato	2
corvo	1
smisurato	2
scuola	2
tavoletta	1
calamaio	1
oca	1
Tacito	1
Ovidio	2
celeste	1
legge	7
chimico	1
grammatica	1
teologia	2
annegare	2
lacuna	2
Persia	1
Vicario	1
Savoiardo	1
Alors	2
Voyons	1
Maintenant	1
libraio	4
Rousseau	4
erborizzando	1
Svizzera	1
Beniamino	1
Franklin	1
fulmine	2
Hontan	1
Indiani	1
meravigliare	1
dio	6
Dites-le	1
Tiens	1
èpatant	1
talora	3
Mon	1
esultanza	1
grandezza	1
rammarico	1
onnipotenza	1
illetterato	1
precettore	2
remissivo	1
accomodare	3
vanità	1
discepolanza	1
maestro	2
trascinare	5
peregrinazione	1
magra	1
riflettere	2
ninfee	1
monarchia	1
religione	3
rito	6
cinese	1
terremoto	2
Lisbona	1
Leida	1
sensismo	1
greco	1
scandagliare	1
peschiera	1
lamentare	3
lombaggine	1
scomodo	1
passivo	1
accettazione	1
alternare	1
ripresa	2
originario	1
rigore	1
arrendevole	1
resistenza	2
libertino	1
uguaglianza	2
onestà	1
influenza	4
nefasto	1
superstizione	2
assalire	3
accesso	1
austerità	1
assolutezza	1
immedesimare	1
leggermente	1
coerenza	1
morale	1
eguale	1
spietata	1
articolo	2
fede	3
fanatico	2
quadro	3
corruzione	1
filosofo	4
blando	2
denuncia	1
perfezione	1
arduo	1
compromesso	1
censurare	1
incoerente	1
lussureggiante	1
inaridire	1
marmoreo	2
cimitero	2
spossare	2
concetto	1
puro	2
essenza	1
balia	1
dissolto	1
sbadiglio	1
rientrare	1
nirvana	1
intraprendere	2
bottega	1
librare	1
Amsterdam	1
Parigi	12
pubblicazione	1
scomunicare	1
tribunale	1
ecclesiastico	1
celletta	1
Bayle	1
intonso	1
nuvoloso	1
coniugazione	1
aoristo	1
sgherro	2
avvelenare	1
carcere	2
convento	3
abiura	1
fermamente	1
arresto	1
progresso	1
educazione	2
corrispondenza	1
epistolare	1
scienziato	1
quesito	2
obiezione	2
esercitare	2
cavità	1
finito	2
rodere	5
ammuffite	1
sapiente	2
secolo	5
roditore	1
ingabbiare	1
intristire	1
massiccio	1
scaffali	1
allineare	1
Enciclopedia	4
Diderot	4
Alembert	1
Livorno	1
Abeille	1
Arbre	1
Bois	1
Jardin	1
riscoprire	1
manuale	2
arboricoltura	1
sperimentare	2
cognizione	1
spostamento	2
estro	1
uccelletto	1
frequentazione	1
indispensabile	1
potare	5
coltivatore	1
labirinto	1
desiderare	4
cristallino	1
avvoltolato	1
sciarpa	1
cesoia	1
zac	2
ornamento	1
sega	1
ascia	2
taglialegna	2
accozzare	1
secolare	1
sostituire	3
accetta	1
arboreo	3
spietato	2
doloroso	5
recidere	2
disboscare	1
ricevere	6
soppressione	1
benigno	1
contribuire	1
vieppiù	1
medesimo	1
saggio	1
operare	1
tardo	1
sopperire	1
perdita	4
avvento	1
scriteriato	1
imprevidente	1
avidità	1
conversione	1
successivo	2
caduta	1
frassino	15
Aperse	1
lambire	1
appiccare	1
razzia	2
ricadere	1
minacciare	4
propagandare	3
sottobosco	3
botticella	4
orzare	2
placare	1
seta	7
estivo	1
nottole	1
svitare	1
Bruci	1
ondeggianti	1
esterno	2
spegnendole	1
bagnato	2
arso	1
base	2
rogo	2
schianto	2
vano	1
squittire	3
limitare	2
fiammella	1
labile	1
barriera	1
fuocooo	2
èee	1
gridaaa	1
carbonaia	1
Bergamaschi	3
Allarmeee	1
incomprensibile	3
domare	2
doloso	2
ammonire	1
tutelare	1
annata	1
siccità	1
calura	1
ardere	1
bagliore	1
asciutto	1
sterpi	1
arsura	1
esca	1
ricongiungere	1
attonita	1
incendiario	1
cadente	2
firmamento	1
sbigottimento	1
incettare	1
barilotti	1
situare	1
regime	2
sorgente	1
Bacini	1
diga	1
saltello	1
miriade	1
appaltatore	1
demaniale	1
forzare	1
sovrintendere	1
riserva	1
pompa	2
organizzare	2
guardia	12
spegnitori	1
catena	2
turno	2
ispezione	1
reclutare	1
artigiano	1
associazione	5
emulazione	2
contentezza	3
attitudine	2
associare	3
abusare	1
risultato	1
conseguire	1
risalto	2
singolo	1
raramente	1
onesto	1
ciascuno	3
concordia	1
stima	1
val	1
sentinella	3
fiammeggiare	2
focolaio	1
predisposto	1
campanella	1
dolo	1
colpevole	1
agosto	2
acquazzone	1
apprezzamento	1
obiettivo	1
partito	2
reazione	2
sommario	2
costituzione	5
prender	3
Nostro	1
scuotere	3
annuire	1
lusinga	2
alberello	1
Buongiorno	2
compatibilmente	1
valente	1
adoperare	3
salvaguardia	1
nonna	1
Elisabetta	1
buonanima	4
località	1
Belrìo	1
trenta	1
ventidue	1
acero	2
proprietaria	1
consociare	1
conservare	1
favorevolmente	1
fornaio	1
ortolano	1
maniscalchi	1
professione	2
purché	2
oneste	1
vassallo	1
do	1
oggigiorno	1
ballo	1
sospirare	3
diciotto	1
piatta	1
signor	3
Cercherò	1
attributo	1
staffe	3
cingere	1
Addio	1
rifletté	2
parata	1
fodero	3
svagatezza	1
fìsso	1
ciarliero	1
insocievole	1
spalto	1
patrono	3
marinaio	3
battello	1
malefatta	1
feluca	5
molestare	1
traffico	1
pirateria	3
orecchi	1
Maomettani	1
tartana	1
baccalà	1
cacio	2
olandese	1
balla	2
cotone	1
alberature	1
Barbareschi	3
urlaccio	1
credito	3
Pascià	1
esigere	2
negoziante	3
armatore	2
fornitura	2
truffare	1
saldare	2
ruberia	1
trattativa	1
commerciale	2
contestazione	1
patteggiamento	1
sgarbo	2
definitivo	1
navigazione	1
rischio	1
degenerare	1
tragedia	2
versione	6
differente	3
illogico	1
mancanza	2
fonte	1
infervorare	1
sordo	3
mulattiere	1
scorciatoia	2
sassoso	1
spuma	1
coll'	2
deserto	5
emergere	1
imbarcazione	1
remo	4
barca	18
ondeggiante	1
lanterne	1
rigonfiare	1
luccicare	1
scimitarra	6
aguzzare	3
Berberi	2
parlottare	1
franco	1
frammischiare	1
nave	14
tartane	2
brigantini	1
appartenere	2
bordo	4
risparivano	1
agguato	2
incapace	2
marina	7
giuntura	1
rivelazione	2
compatire	1
imperdonabile	1
ingrato	1
raccogliere	5
relitto	1
errore	2
patrio	1
boccone	1
denunciare	1
mene	1
spione	2
inspiegabilmente	2
ammanettare	1
veglia	1
funebre	1
presente	3
arbitro	1
condanna	1
congiunto	1
tormentare	4
seguente	1
furiosamente	1
preda	2
intervento	3
pallottola	5
fucileria	2
audace	1
vigilare	1
ritentare	1
approccio	1
equipaggio	1
maomettani	2
pungere	2
terzo	9
incespicare	1
segnale	2
grilletto	1
parlamentare	1
scaricare	3
cassa	1
damigiana	2
barella	2
formaggio	2
portatore	1
snodare	1
corsetta	1
esitare	2
grotta	12
moro	3
merce	1
ricostruire	2
legittimo	2
intercorrere	1
assoggettare	1
perquisizione	1
doganale	1
mercanzia	3
depredare	1
ri4	1
estraneità	1
ladrerie	1
rinsaldare	1
normale	4
retroscena	1
chiaramente	1
soffermare	3
tesoro	2
impadronirsene	1
patire	2
esitazione	1
grigia	2
piazzola	1
rozza	1
frasca	2
sbuffìo	1
scatarrìo	1
imprechìo	1
alfine	1
esclamazione	2
argento	1
stoccafisso	3
pecorino	1
schioppi	4
accetto	2
spiedi	1
vanghe	1
recipiente	1
sfasciare	1
cesta	2
carbone	1
processione	1
sperone	3
rene	1
dirupo	2
riunione	6
scarico	3
attorniare	1
orda	1
tinti	1
fuliggine	1
Insciallah	1
Deng	2
Marocco	1
tuono	2
focaie	1
cilecca	1
svegli	1
stordire	3
sottrar	1
attutire	1
ginocchiate	1
ombelico	1
sassata	3
spirare	1
scialuppa	1
ingresso	1
maomettana	1
pietrate	1
navicella	2
sbrogliare	1
traversa	1
fendente	3
destra	3
atterrare	2
lampeggiare	1
donare	1
maomettane	1
affondare	3
parare	2
schermaglia	1
trafìsse	1
imboccatura	1
tramortire	1
vogare	1
fellonia	2
irrimediabilmente	1
patibolo	1
disarmato	1
violenza	2
equivalere	1
derogare	1
porselo	1
trasalimento	1
accucciare	2
piacevole	1
diversivo	1
piangere	5
Zaira	12
Allah	4
insciallah	1
lagrima	2
Cosa	3
supposizione	2
svelare	2
felicità	8
amante	10
oltremare	1
verosimilmente	1
moresco	1
capitare	4
schiava	1
scotto	1
riammettere	2
fra	3
imbarcare	1
smascherare	2
intrigo	1
smozzicare	1
supplica	3
disavventura	1
creatura	2
esploratore	2
franca	1
esaudire	1
giannizzeri	1
contraccolpo	1
scoperto	2
dettare	2
Mori	1
Marrano	1
ebete	1
accoglienza	2
responsabile	1
imboscare	1
accusare	2
rimontare	3
galleggiare	3
gavitello	2
fiocco	3
colla	1
Attaccatevi	1
collottola	4
addentare	2
—	1
mozzare	2
XVI	1
dapprima	3
assai	3
rapire	2
pietoso	1
gravare	1
sconforto	1
fittizio	1
astuto	1
sconfiggere	1
supplizio	1
contraddittorio	1
lacunoso	1
sbarco	2
risapere	3
popolazione	3
cotechini	1
caci	1
rimanente	1
banchetto	1
invecchiare	4
perdute	1
curare	5
accingere	1
sicumera	1
consiglio	3
irritare	1
sufficiente	2
sforzare	1
tardivo	1
faccenda	1
purtroppo	2
febbre	3
puntura	1
raffreddore	2
guarire	3
scoramento	1
attaccamento	1
assassinare	1
sbrigativo	1
autoritario	1
farneticare	2
mania	1
funerale	1
cipresso	1
seppellimento	1
bara	1
Curava	1
saltuario	1
riverire	2
connivenza	1
immediato	1
indignazione	1
confidare	3
commuovere	3
invenzione	3
approssimazione	1
veritiero	2
uditore	1
aggiunta	1
ampliamento	1
iperbole	1
introdurre	2
deformare	2
principio	4
Parecchi	1
sollecitazione	1
uditorio	1
plebeo	1
conforme	2
armonioso	1
visione	1
umanità	3
sfaccendati	3
cervo	11
Credevo	1
tenuta	3
trafìggere	1
acuminato	1
spini	2
picchiare	4
ve	5
finale	1
tribù	1
cinquanta	3
paltonieri	1
perso	3
cerve	1
femmina	3
roccia	1
eccomi	2
ingaggiare	1
cornate	1
cozzo	1
accadere	3
rievocare	1
tedio	1
vanaglorie	1
nausea	1
svariare	1
abbastanza	2
faine	2
inventate	1
insoddisfazione	3
ortolane	1
pescivendolo	1
occhiate	1
interamente	1
coppia	2
empire	1
ammirazione	1
pudore	1
nuziale	1
accoppiare	1
unito	1
abbraccio	2
corteggiare	3
cagna	2
pastore	3
cagne-lupe	1
spavaldo	1
ardimento	2
simpatia	2
Talora	2
malconcio	1
fortunato	2
sconfitta	1
esemplare	1
sogno	4
fanciulla	6
fantasticare	1
chiacchiera	1
soddisfare	1
mercato	1
Olivabassa	10
Spagnolo	1
Spagnoli	2
Oliva-bassa	1
XVII	1
pericolosamente	1
abitato	3
inosservato	1
boscaiolo	2
bifolco	1
raccoglitrice	1
oliva	4
alcuno	1
locale	1
Señor	6
Buenos	2
dias	2
spoglia	2
vestimenti	1
piumato	2
manto	1
seduta	3
laterale	1
comprensione	1
autorevole	2
obeso	3
incastrare	1
malato	1
raso	2
avanzato	1
macilento	1
allampanato	2
nerastro	1
Rondos	2
Aragonési	1
Gallego	1
Nossignore	3
Catalàn	1
Desterrado	1
también	1
intervenire	4
interprete	3
ampollosamente	1
Frederico	13
Alonso	4
San-chez	1
Guatamurra	1
y	6
Tobasco	1
vossignoria	3
esule	3
dappoiché	1
decreto	2
Viaja	1
usted	3
sobre	1
los	1
àrboles	1
por	1
compiacere	4
diletto	1
addire	1
Feliz	1
Sanchez	2
Ay	1
mì	2
ay	1
ampolloso	1
fortunata	1
codesto	2
esimere	1
costrizione	1
sopportare	1
rassegnato	1
laconico	1
Principe	4
circostanziare	1
nerovestito	2
spagnolo	9
ribellare	1
Carlos	2
III	2
privilegio	2
contrastare	2
esilio	5
interdetto	1
maestà	3
cattolico	3
ricettare	1
esiliare	2
situazione	2
diffìcile	2
magistrato	1
Oli-vabassa	1
cancelleria	1
viaggiatore	4
accomodamento	1
prescrivere	1
esuli	12
concedere	2
amnistia	1
provvidenza	1
divino	1
provvista	2
vivanda	1
commercio	1
installare	3
saliscendi	1
baldacchino	3
aggiustare	2
Olivabassi	2
attrezzare	1
tornaconto	1
Sacramos	1
todo	2
el	4
tiempo	1
Sulpicio	21
Guadalete	1
bando	2
Signore	1
ringraziare	3
algunas	1
veces	1
visco	1
Talvolta	1
Para	1
Hay	1
lavanderas	1
Don	26
indumento	2
lavandaia	1
lunedì	1
sporco	1
interpretare	2
quistioni	1
ciascheduno	1
venia	1
Ollas	1
orciuolini	1
Congedatosi	1
rispettivo	3
residenziale	1
hidalghi	5
ineliminabili	1
tanti	4
eliminare	2
formicolìo	1
Almirante	1
curiosare	1
pettegolezzo	4
signorina	1
agucchiare	1
operoso	1
gabbia	2
colombo	1
salotto	4
ospitale	1
Siviglia	1
Granada	6
possedimento	1
granaio	1
scuderia	1
reintegrare	1
accento	2
devoto	1
esattamente	1
regale	1
emanare	1
considerazione	4
Sovrano	2
aleggiare	1
aura	1
tristezza	6
lutto	3
determinazione	1
volontario	2
combattere	2
definire	2
convincimento	1
supplire	1
imponenza	1
giovinetta	1
peloso	4
serpeggiare	1
accenno	2
brio	1
tic	2
tac	2
olivabasso	1
peseta	1
El	10
Conde	14
dimettere	1
indurre	1
declivio	1
or	4
brullo	1
mormorare	1
detenere	1
Carlo	1
torturare	1
percome	1
inoltrare	3
distesa	2
ondulare	2
ahi	1
Cosi-mo	1
patria	2
pervinca	1
carnagione	1
profumato	1
inclinato	1
ritorto	1
Vedete	1
Sono	2
Irena	1
Raimunda	1
Ursula	16
patio	1
rampicante	1
appuntare	2
mandorlo	2
Aspettate	2
laccio	1
scarrucolare	1
Spaventata	1
baciare	4
sbalordire	2
sorpreso	4
inaspettatamente	1
bellezza	5
XVIII	1
gaiezza	1
funereo	1
vicinanza	2
parentado	1
compostezza	1
permanenza	1
dotare	1
serbatoio	1
autore	2
preferito	1
regolarmente	1
confessionale	1
grata	1
innovazione	1
tecnico	1
ossequio	1
vigere	2
rimandare	2
Paolo	1
Virginia	1
Eloisa	1
adunanza	2
parlamento	2
stilare	1
indignare	1
minaccia	1
ultimatum	1
formula	1
prosternare	1
umilmente	1
Graziose	1
Maestà	2
implorare	1
perdono	1
vibrato	1
risedere	1
accennare	5
comunità	3
ingenuo	1
fervore	1
torto	2
Sovrani	1
retto	1
ascolto	2
arrovellare	1
reagire	2
suola	1
ostico	1
Montesquieu	1
Pulzella	1
macinare	1
rivoluzione	2
gerarchia	1
aggiornato	1
veleno	1
riordinare	2
sigillo	2
incenerire	2
lamento	1
Accorse	1
Santa	2
Inquisizione	1
eresia	2
Guardia	2
Ordine	1
bilico	2
schermidore	1
eccellente	1
riavutosi	1
interporre	1
duellante	1
raccomandare	1
impensabile	1
conciliazione	1
pulce	6
educare	1
costume	1
titolare	1
Baron	4
niña	1
hablar	1
vuestro	1
idioma	2
diez	1
nueve	1
Jouen	1
Mia	1
Por	1
qué	1
diciassett'	1
casarte	1
castellano	1
hombre	1
novia	1
es	3
esto	1
Sierra	1
Mejor	1
aqui	1
volteriano	1
joven	3
Muchas	1
gracias	1
rivedere	5
Cosme	2
begli	1
previsto	1
grazioso	1
indulto	1
revocare	1
esiliato	1
Madrid	3
Cadiz	1
Sevilla	1
festeggiare	2
radunare	5
Cortes	1
Corona	1
vestito	2
guardaroba	1
rinnovare	1
olivabassa	1
Baja	1
bizarro	1
valoroso	3
schermire	1
Como	1
affaccendare	1
Adios	1
festoso	1
ringhioso	1
scontentezza	2
inasprire	2
pochi	1
superstite	1
dimenticato	3
rizzare	1
berlina	1
merletto	1
parasole	1
stivale	3
XIX	1
irrequietudine	2
ficcanaso	1
ombroso	2
inconcludente	1
Checchina	3
pipistrello	1
cert'	1
eccezione	2
scomodare	1
adescare	1
discussione	2
moroso	1
naturalezza	1
bisaccia	1
borraccia	1
fiaschette	1
Dorotea	1
galante	3
lucro	1
farsene	1
Zobeida	1
rampicare	1
fascino	1
orso	1
attillato	1
tuba	1
inglese	18
radere	2
nobildonna	3
offendere	2
cassetta	3
Giovita	2
pullulare	2
Suvvia	2
colmatene	1
canestrello	1
corba	3
poveruomo	1
reumi	1
felci	3
guazzare	1
chinare	5
porcino	1
od	1
vescia	1
misteriosamente	2
riecco	1
languido	1
inzaccherare	1
raggranellare	1
ripartire	2
specialmente	3
madama	2
genovese	3
abbiente	2
scapolo	1
venuta	1
Quercia	1
Cinque	1
Passere	1
Gè	2
zibibbo	1
tepore	1
ombrellino	1
scottare	1
Lucrezio	1
riservato	1
pudico	1
gemello	1
potrebb'	1
incinto	1
turbate	1
parto	1
cerchia	1
gemito	1
manifestazione	3
tollerabile	1
usuale	1
gnaulii	1
sonno	3
insonnia	1
rigirare	1
guanciale	1
men-tr'	1
acrobata	1
sfrondare	1
Certe	3
ferino	1
mormorio	1
vellutato	1
fìngere	1
derelitto	1
lugaro	1
sfrontato	1
sciolto	3
miagolare	1
vendetta	4
costituire	1
cerusico	1
pallino	1
inavvertitamente	1
Convalescente	1
immobile	3
ritemprare	1
Stato	2
ideale	3
fondare	4
descrivere	1
immaginario	1
Arbòrea	1
governo	2
inclinazione	1
inventore	1
sopravvento	2
zibaldone	1
duello	1
erotico	1
inserire	1
matrimoniale	1
epilogo	1
incompiuto	1
riassunto	1
firmare	3
lettore	1
biglietto	3
ventun	1
patrimonio	1
aggradiva	1
poverina	2
usufruttuario	1
mensile	1
pacifico	1
periodo	3
tributare	1
Voltaire	5
rappresentazione	1
meritare	2
scritta	1
rampanto	5
nazione	3
almanacco	1
Ombreuse	1
Rép	1
Génoise	1
Vit	1
seulement	2
sur	2
les	7
arbres	3
lanugine	1
locusta	1
mostro	1
Ermafrodito	1
Sirena	1
ricevimento	1
coccolare	1
allegro	1
pasqua	1
apostrofare	3
chez	1
vous	6
mon	9
cher	1
Chevalier	1
qu'	2
fameux	1
philosophe	1
vit	1
camme	1
singe	1
lusingare	2
frère	2
Rondeau	2
fors'	1
fenomeno	2
Mais	2
pour	2
approcher	1
du	1
ciel	1
votre	5
reste	1
làhaut	1
Jadis	1
était	1
Nature	1
créait	1
phénomènes	1
vivants	1
concludere	1
maintenant	1
Raison	1
rituffare	1
chiacchiericcio	1
pinzochere	1
teiste	1
dispaccio	1
urgente	1
asma	3
improvvisamente	6
aggravare	2
penombra	2
vendemmia	9
correntemente	1
senno	3
indifferentemente	1
capezzale	1
medicina	1
spicchio	2
arancia	2
arpione	2
consolle	2
Notai	1
scialle	2
notai	1
assopire	2
vegliare	1
lucernetta	2
rimedio	1
zufolare	1
arietta	1
dispiegare	1
festone	3
glicine	2
ciotola	3
bolla	3
malata	1
iride	1
disapprovare	1
futile	1
infantile	1
evento	2
lieto	1
promessa	3
Indiano	1
mensoletta	1
fidanzata	1
tranquillizzare	1
invincibile	1
sposatici	1
cognato	2
mazzo	1
disabitato	2
cattivi	1
muta	1
alane	1
mastine	1
disteso	1
scontento	1
fugace	1
fragile	2
inquieto	3
risdraiò	1
riprender	1
pisciacchiava	1
Tolemaico	7
bracconiere	1
guardiacaccia	7
vigile	1
addentrare	1
impaziente	2
leone	5
pilastro	3
stemma	1
immenso	1
patina	1
sgomento	2
sgombro	3
impercorribile	1
vertigine	1
slanciare	2
ubbidire	1
virgola	1
assenza	1
invalicabile	2
angoscia	1
poc'	1
attesa	6
sbracare	1
insegna	1
divisa	3
appiattì	1
sergente	1
can	1
striscia	1
vedovella	2
ottant'	1
ventuno	1
pazzia	5
visitare	2
cascamorti	1
MA	1
Vossignoria	1
stecchetto	1
Riapparì	1
puntino	1
valicare	1
Duchessa	2
vedova	6
Marchesina	1
pastasciutta	1
ghignare	1
incolmabilità	1
prolungare	1
XXI	1
brillare	1
pisello	1
smeraldo	1
cavaliere	12
amazzone	10
riemergere	2
margine	2
torreggiare	1
diagonalmente	1
scomparsa	1
barone	7
183	1
diagonale	1
avvedere	1
fastidio	3
sbatacchiare	1
sbatacchioni	1
rispondente	1
sete	1
allarmante	1
zigzag	1
prevedere	2
evoluzione	1
prestanza	1
men	1
sormontare	1
Sofonisba	1
inconfessato	1
castagneto	1
ligneo	1
lucido	1
appello	1
pernice	1
roveti	2
infangare	1
pantano	1
sfrecciare	1
inafferrabile	1
incitamento	1
baccel	1
carrube	2
infiammare	1
sortire	1
piviere	1
inganno	1
sostanza	1
scordare	2
ghiaia	2
minutamente	1
sciocco	2
chioschetto	1
anfora	1
pendente	1
tubare	2
upupa	2
trillo	1
pi1	1
fìtto	2
cinguettìo	1
smontare	2
portico	1
Ortensia	1
Gaetano	2
Tarquinio	1
riverniciare	1
tavolo	2
spinetta	1
rassettare	1
mobile	1
ristabilire	1
batticuore	3
tornata	2
alterno	1
servitù	1
divano	2
clavicembalo	1
cantoniero	1
giardiniere	1
ridisporre	1
sedia	1
ampio	1
riappesa	1
ampiezza	1
passero	1
concesso	1
benissimo	1
irsuto	2
Sembri	1
Robinson	1
Ampelio	1
Aspettami	1
mille	1
valanga	3
caprifogli	1
capelveneri	1
essercisi	1
sommerso	1
folle	1
cipollone	1
Kurte-witz	1
Donna	14
puntuale	1
blusa	2
bordare	1
ironico	1
ortica	2
sottana	2
ficcanasare	1
civetta	6
rudere	1
topaia	1
serpe	1
garbare	1
maritare	1
pretendente	1
decrepito	1
affermazione	1
perentorio	1
duchessa	1
litigio	2
cinghiale	6
merli	4
assolutamente	1
uscita	2
sbigottito	1
Baciami	1
premette	1
sbottonare	1
botton	1
ripido	1
scopersero	1
limpido	2
increspatura	1
abbagliare	1
ridiscendere	1
verde-cupa	1
conca	1
ferito	4
fiasca	1
palma	2
disposto	2
repentino	1
XXII	1
pellegrinaggio	1
incisione	1
ottimare	3
Quassù	1
commosso	1
Turcaret	4
oscurare	1
faticare	1
dispettoso	1
smuovere	1
stagione	3
esperta	1
eroico	1
generosità	1
facoltà	2
attorcere	1
impervio	1
inforcatura	1
gara	3
acrobazia	1
culminare	1
puntellare	1
amoroso	3
indugio	1
mollezza	1
perversità	1
raffinato	2
repubblicano	8
licenzioso	1
insaziabile	2
stoico	1
asceta	1
puritano	1
voluttà	1
bacio	1
verbale	1
offuscare	1
salute	2
pienezza	1
predicare	2
teologo	1
filosofìca	1
turbare	3
capriccioso	1
viziato	1
colmare	1
insoddisfatto	1
screziare	1
amaca	3
tendaggio	2
apparecchio	1
genio	1
dono	1
creare	2
lusso	1
comodità	3
complicare	1
ottenere	2
miracoloso	1
facilità	1
immediatamente	2
alcova	1
cantarei	1
pettirosso	2
vanesse	1
alluce	1
ghiri	2
interrogare	1
filosofìa	2
nonnulla	1
ira	12
ghiaccio	1
agile	1
qual	2
innocenza	1
slegare	1
disperare	2
galoppata	1
supplicare	1
rischioso	1
ripassare	1
Guarda	2
tempestare	1
distruttore	1
sguernito	1
ricatto	1
sfìorata	1
repentinamente	1
pietà	1
Chi	1
filosofia	1
negativo	1
clamoroso	2
esplosione	2
incontenibile	1
Yo	1
quiero	1
the	2
most	1
wonderful	1
puellam	1
mundo	1
panchina	1
declamare	3
Zu	1
zu	1
gunàika	1
Vo	2
En	1
isla	1
Jamaica	1
Du	1
soir	1
jusqu'	1
au	1
matin	1
pré	1
where	1
grass	1
grows	1
toda	1
Take	1
away	2
take	1
classico	1
moderno	1
approfondire	1
predicazione	1
emozione	1
stendardo	1
comparire	2
agilità	1
acrobatico	1
Que	1
die	1
schöne	1
Venus	1
posterior	1
palo	4
insaponare	1
arrestare	1
ratto	1
trofeo	1
roseo	1
rivolò	1
esuberanza	1
ricambiare	1
altrettanto	1
rapinoso	1
immergere	1
nonpoteva	1
equestre	1
ammirare	1
indistinto	1
destriero	1
capriolo	1
rincorsa	1
sbilenco	1
sino	1
brucare	1
ramoscello	2
pettegolo	2
fantastico	1
XXIII	1
Ombrosot-ti	1
precedente	1
riserbo	1
riprovare	2
esteriore	1
Chissà	1
mobilio	1
stravaganza	1
tollerante	1
ipocrita	1
offesa	1
pausa	1
riflessione	1
agricolo	1
gradassate	1
persistere	1
testardo	2
alacrità	1
fierezza	1
turbine	1
ripadroneggiare	1
saggia	1
economia	1
innamoramento	2
trionfare	2
ansioso	2
inchiesta	1
riaccendere	2
contratto	1
commerciare	1
illustrare	2
parigino	2
sontuoso	1
splendere	1
stentare	1
trasalire	2
Tenete	1
ammiratore	1
contagiare	1
selvatichezza	2
giostra	1
privilegiato	1
ritiro	1
macerare	1
penitenza	2
stento	1
Parigini	1
prevenire	1
avviso	1
letteratura	1
menzogna	2
mia	1
salutarmi	1
tralasciare	1
angusto	1
efficace	1
mentalità	1
notaio	1
gotta	1
ardito	1
ammiraglia	3
ammiraglio	1
notabile	1
invaghire	1
luogotenente	13
vascello	5
flotta	1
napoletano	9
nolo	1
sauro	1
roteare	1
saettare	1
starsene	1
venirsene	1
matinée	1
ravvicinare	2
rivale	4
gradire	2
egual	1
sorveglianza	1
prescelto	1
agire	2
beffare	1
chiosco	1
arredare	1
cerbottana	2
stereo	1
sporgersi	1
cerbottanata	1
Who'	1
s	1
there	2
collega	2
beg	1
your	1
pardon	1
Sir	11
debbo	1
Vostra	1
replica	1
I'	1
m	1
sorry	1
casato	2
Salvatore	6
San	5
Ca	1
taldo	1
Capua	1
Vetere	1
Sicilie	1
Osbert	9
Castlefìght	1
battervi	1
inquartato	1
tenente	12
finta	1
culmine	3
foga	1
Fermatevi	1
Miei	2
pregare	4
Milady	4
Entrate	1
accomodatevi	1
illuso	1
licenza	1
congedare	2
miei	2
sventato	2
scusare	1
assiduità	1
eleganza	1
appassionato	1
Cataldo	4
rinunciare	2
sottosopra	1
indietreggiare	1
radioso	1
inchinatisi	1
riverenza	1
commiato	1
was	1
sure	1
you	2
were	1
gentleman	1
Mister	1
Osberto	1
Amici	1
Sciocconi	1
staffa	1
pregustare	1
virile	1
immodesto	1
riconciliare	1
dispositivo	1
generosamente	1
sedetevi	1
vivamente	1
What	1
are	1
doing	1
up	1
down	1
perplesso	1
complesso	1
any	1
way	1
acconsentire	3
chicchessia	1
compimento	1
arcioni	1
duplice	1
gualdrappa	1
indignato	1
Scimmione	1
fiammeggianti	1
purezza	1
arcangelo	1
sbranare	1
implacabile	1
rampante211tra	1
vermiii	1
corteggiatore	1
contesa	1
tormento	1
ex	3
inseparabile	1
osteria	3
mantenimento	1
soppiantare	1
degradazione	1
tetramente	1
assoluto	4
Vaccate	1
quanti	1
crudele	1
salpare	1
disertore	2
disertare	2
trionfalmente	1
sbancare	1
freddezza	1
indurire	1
lineamento	1
altero	1
portamento	1
contrarietà	1
verme	1
avvenimento	1
storico	1
Rivoluzione	4
entourage	1
Lafayette	2
emigrare	2
Belgio	1
nebbia	1
Londra	3
risposare	1
Lord	2
Calcutta	1
Co-simo	1
giaguaro	1
Castlefight	1
avventuriero	1
Gottinga	1
Pietroburgo	1
Caterina	1
vagabondare	1
neonato	1
approssimare	2
trillare	1
tortora	1
cinguettare	1
distruggitrice	1
travature	1
temperino	1
scorticare	1
abbrividente	1
rimordere	1
significare	1
stimare	1
bizza	1
farmi	1
XXIV	1
originale	1
sacrilego	1
eretico	2
cartaginese	1
Pelagiani	1
Socinianesimo	1
polacco	1
ammattire	3
benpensante	1
soggiungere	2
adornare	1
aborigeno	1
verdone	1
vivace	2
lombrico	2
ricchezza	1
apologia	1
motteggiare	1
pennuto	1
codibugnolo	2
barbagianni	1
opportuno	1
camuffamento	1
accusa	2
parabola	1
incutere	1
soggezione	1
codazzo	1
fannullone	1
addobbare	2
scritti	2
cartello	1
Seneca	1
Shaftesbury	1
ciuf	1
fi	1
cero	2
chiesa	1
falciuole	1
bilancia	1
rebus	2
Papa	1
significato	2
Merlo	1
Gufi	1
distribuire	1
pubblicamente	1
demenza	1
stampa	1
stampare	2
libello	1
gazzetta	4
Gazze	1
unificare	1
Monitore	2
Bipedi	2
pancone	1
telaio	2
torchio	2
inchiostro	3
stampato	1
ghiro	1
alfabeto	1
Q	1
rotondo	2
peduncolata	1
Cuando	1
Cuantunque	1
imbecillendosi	1
minchioneria	1
contropartita	1
letargo	2
imbottire	1
nidiaceo	1
leggiucchiare	1
borbottare	1
canticchiare	1
raviolo	1
porlarglieli	1
nato	1
offerta	1
benvolere	1
baronale	1
elemosina	1
disdicevole	1
versare	1
lacchè	2
livrea	1
bicchiere	1
Borgogna	1
vassoio	1
Credevo-rifiutasse	1
porzione	1
decadenza	1
invasione	1
lupo	20
gelido	1
neve	2
torma	1
Alpi	1
riviera	1
atterrire	1
affamare	1
azzardare	1
baco	1
bozzolo	1
gonfio	1
semichiuso	1
rauco	1
pecora	9
sbuffare	1
scatarrare	2
coltivato	1
agnello	2
belare	1
palla	2
ricciuto	1
vello	1
ovino	1
belato	1
affamato	1
fauce	2
balzelloni	1
allocchiti	1
Bum	2
ricaricare	1
gelare	1
sterminare	1
accorgermene	1
sparatoria	1
fingere	1
ingannare	1
glieli	1
sbilanciare	1
essendomi	1
alleggerire	1
starnuto	1
tremare	1
malaticcio	1
fatale	2
riconoscenza	1
dottore	1
medico	3
circondario	1
consulto	1
serviziali	1
salasso	1
senapismi	1
fomentare	1
ammalato	1
savio	1
ebdomadario	1
intitolare	2
Vertebrato	1
Ragionevole	1
XXV	1
Loggia	11
Franchi	1
muratore	2
massoneria	5
napoleonico	2
borghesia	1
citare	1
occorrere	1
recare	1
Bartolomeo	2
Cavagna	2
pasticciere	1
frammassone	2
qualificare	1
confratello	2
talché	1
Massoneria	2
ombrosotta	2
riunire	2
locanda	1
cortile	1
avventore	1
bacchiatura	1
bacchiare	1
tela	1
Salite	1
snudare	1
contendente	1
accanito	1
Architetto	1
Universo	1
Prima	1
piloro	1
sonorità	1
mancino	1
cocche	1
ventre	1
cocca	1
anziano	1
dormiente	1
apostatare	1
leggendario	1
Maestro	2
Picchio	1
Muratore	1
fondazione	1
Oriente	2
altronde	2
descrizione	1
neofita	1
bendare	1
Frammassoni	1
corrispondente	1
forestiero	2
opuscolo	1
massonico	2
casualmente	1
paramento	2
candelabro	1
scompiglio	1
sconcertante	1
Massoni	2
dottrina	1
speciale	1
apportare	1
simbolo	2
edificio	1
telescopio	1
diavolini	1
Cartesio	1
pitagorico	1
sfoggio	1
teschio	1
bensì	1
mucca	2
cazzuole	1
compasso	1
liturgia	2
bizzarro	2
accostamento	1
esoterico	1
affiliare	1
confraternita	2
Crispino	1
Calzolai	1
Virtuosi	1
Bottai	1
Giusti	1
Armaiuoli	1
Cappellai	1
Coscienziosi	1
disinteresse	1
conciliare	1
perpetuo	1
consorzio	1
civile	2
minore	3
singolarità	1
sodalizio	1
meticolosamente	1
statuto	1
finalità	1
scelta	1
contraddittore	1
convivenza	1
affannare	2
ostinatamente	1
parentesi	1
universale	3
Perfetti	1
Arrotini	1
Illuminati	1
Conciatori	1
Pelli	1
setta	1
instaurare	1
mondiale	1
semisegrete	1
Liverpuck	1
Gran	1
continente	1
scandalizzare	1
ortodossia	1
scozzese	1
Stuart	1
propaganda	1
trono	2
Hannover	1
restaurazione	1
giacobita	1
massone	1
insospettire	1
cambiamento	1
muratura	1
volute	1
pendice	1
vigneto	1
uva	10
rossese	1
succo	2
pergola	2
trave	1
pergolato	2
scarasse	2
vite	2
ghirigoro	1
sfittire	1
settembre	2
sottane	1
berretta	2
nappa	1
mulattiero	2
corbe	3
vuotare	2
tino	4
Governo	1
clero	2
decima	7
erogare	1
quaderno	8
doglianza	4
vuotafìaschi	1
astronomo	1
Bailly	1
maire	2
clubisti	1
Necker	1
pallacorda	1
Bastiglia	1
travestire	1
recitare	1
Mirabeau	1
tribuna	1
Marat	1
Giacobini	1
Versaglia	1
appese	1
prezzo	1
pescatore	1
vignaiolo	1
pascolo	1
boscaioli	1
reato	1
focaccia	1
bionda	1
contentare	1
Olimpo	1
disegnare	1
pitturare	1
Quaderno	1
assemblea	2
infradiciare	1
rivolta	1
verificare	1
Austrosardi	3
Massena	1
Collardente	1
Laharpe	1
Nervia	1
Mouret	1
Cornice	1
rombo	1
conciliabolo	1
pigiare	2
Pigna	1
mulino	2
raccolta	1
rampante235Gli	1
forbice	2
vendemmiatori	1
vendemmiatrici	1
po	1
ste	1
pentito	1
sibilo	1
vendemmiatore	1
conchiglia	3
buccina	1
poggio	1
vignaiuoli	1
tromba	2
discordare	1
aire	1
volata	1
seminascosto	1
vendemmiare	2
mosto	1
musica	1
Ça	8
pestare	2
scalzo	1
pugnale	1
attaccature	1
moscerino	1
nuvolo	1
invadere	1
graspi	2
controllo	1
bordello	1
reggimento	2
esplodere	1
mischia	1
tralci	1
roncole	1
pampini	1
fil	1
pugni	1
calcio	1
mulo	2
mammella	1
eccovi	1
Finì	1
capofitto	1
esatto	1
acino	2
vinacce	1
sansa	1
giberne	1
proseguire	3
convinto	1
abolire	1
noialtri	1
nobilotti	1
barricare	1
uscio	1
anticristo	1
peggior	1
istigatore	1
giacobino	7
clubista	1
daffare	1
misero	1
Albero	2
rampante237finti	1
Nation	2
coccarda	2
tricolore	3
conferenza	1
girotondo	1
garantire	2
neutralità	1
austrosarde	2
annessione	2
rivoltosi	1
barricata	1
blocco	2
agitatore	1
imprigionati	1
rivoluzionario	2
spiccio	1
imputato	1
svignare	1
subbuglio	1
presidio	1
infiltrazione	1
ordinanza	1
ave	1
modellino	1
ghigliottina	2
acquistare	1
orbettini	1
sorcio	1
invidiare	1
XXVII	1
incredibile	1
avallare	1
fedelmente	1
avventurare	1
pattuglia	9
tonfare	2
tenentino	1
austriaco	9
uosa	1
baionetta	1
marciare	5
allineamento	1
scoscesi	1
Ignaro	1
eseguire	1
ufficialetto	1
nasate	1
chiodare	1
conscio	1
supremazia	1
magnifico	2
chilo	1
serrafìla	1
fante	1
marcia	2
caporale	2
reclinare	1
svenire	1
impelagare	1
ginepraio	1
cartoccio	1
peggio	4
feci	1
centinaio	1
plotone	4
bollicina	1
meraviglioso	1
estraneo	1
effettivo	1
decimare	1
indomabile	1
tregua	1
biancheggiare	1
sorpassare	1
muscosi	1
tesi	1
acciottolio	1
ruscello	7
borbottio	1
cré	1
nom-de	1
foutez-moi	1
donc	1
emmer	1
quoi	1
soffice	1
colbacco	5
usseri	8
invernale	1
muschio	2
avamposto	2
Agrippa	2
Papillon	8
Rouen	3
poeta	3
Armata	5
bontà	1
fondere	1
bivaccare	1
ufficiale-poeta	1
inanellare	1
incorniciare	1
lucerna	1
balìa	1
capelvenere	1
avvinghiare	1
prode	1
Valmy	1
Pardon	1
citoyen	1
Che	1
patriota	6
Dritto	1
uomo-uccello	1
Arpie	1
mitologico	1
Capisco	1
annunziare	1
penetrare	1
tinto	1
tenente-poeta	1
fiacco	1
imprecare	1
preoccupato	2
efficienza	1
Cittadino	1
rango	1
serrato	1
intrappolare	1
cespo	1
verzura	1
differenza	1
destr	1
sinistr	1
stormire	1
manovra	1
segnalare	1
coturnice	1
fraternità	1
gri	1
fucilaccio	1
Urràh	1
imprecazione	1
consegnare	1
collaboratore	1
scaraventare	1
austrosardo	1
amplificare	1
squittìo	1
percettibile	1
piemontese	1
tuonare	1
grugnito	1
grifo	1
bestione	1
sbalzare	1
inaria	1
calpestare	1
zoccoli	1
zannate	1
squassare	1
scaturire	1
sotterrare	1
disastro	2
immobilità	1
lichene	1
eriche	1
mughetto	1
terriccio	1
arrendevolezza	1
manipolo	1
amalgama	1
esausto	2
rotare	1
lando	1
deflagrare	1
favilla	1
sommergere	1
breccia	1
compattare	1
scarso	1
concittadino	1
convenzione	1
fanciulle	1
Citoyen	1
seccato	1
azione	1
disilludere	1
inedia	1
carovita	1
fornire	1
celia	1
esposto	1
Comandi	1
provvedere	1
ussero	1
cospargere	1
reparto	1
manciata	1
missione	1
ghigliottinare	1
emissario	1
Pitt	1
provvidenziale	1
prurito	1
spidocchiare	1
muschiosi	1
zaino	2
fardello	1
pettinare	1
individuale	1
riguadagnare	1
civiltà	1
affrancamento	1
bruto	1
stimolo	1
zelo	1
combattività	1
pervadere	1
Armate	1
Dogo	1
Millesimo	1
XXVIII	1
emigrato	1
rassomigliante	1
frigio	1
Aristò	1
aristò	1
saira	1
municipalité	1
giunta	2
demente	1
governatore	1
formalista	1
conservatore	1
oligarchico	1
Ligure	1
Città	1
Repubblicana	1
dichiarazione	1
Animali	1
domestico	1
Uccelli	1
Pesci	1
Insetti	1
Ortaggi	1
Erbe	1
orientamento	1
zappatori	2
Genio	1
trasporto	2
grembiulone	1
sciupìo	1
ambizione	1
assedi	1
sbastigliamenti	1
fumare	1
pipa	1
rivangare	1
tracciatore	1
delineare	1
carreggiabile	1
dislivello	1
rubagalline	1
Manco	1
occupante	2
stomacare	1
stalla	1
Napoleonici	2
requisire	1
capre	2
leva	2
alleviare	1
bestiame	1
clandestino	1
grano	1
frantoio	1
prendersene	1
prepotenza	1
barbetti	1
leale	1
Milano	1
incoronare	1
Italia	1
monumento	1
estero	1
comitato	1
municipale	1
festeggiamento	1
esporre	1
truccare	1
lombardo	1
caratteristico	1
undici	1
vescica	1
orinare	1
imperatore	1
boccheggiare	1
circostanza	1
Je	2
sais	1
cito-yen	1
solecchio	1
parmi	1
forêts	1
saltino	2
frondaisons	1
luxuriante	1
Bonaparte	2
Empereur	2
statevene	1
Viceré	1
Eugenio	1
Tout	1
rappelle	1
quelque	1
chose	4
Quelque	1
j'	1
déjà	1
vu	1
Alessandro	3
Magno	1
Diogene	3
Vous	4
oubliez	1
jamais	1
Plutarque	1
Beauharnais	1
italiano	1
Imperator	1
avria	1
Legion	1
Onore	1
XXIX	1
gelo	1
riparo	1
gibboso	1
rugoso	1
grinze	1
Beresina	1
armata	1
rivolgimento	1
ciglio	3
Marengo	1
oriente	2
Imperiale	1
ghiacciolo	1
russo	2
rampante253malraso	1
febbricitante	1
scalzarsi	1
piagare	1
ridammi	2
vergare	1
Direttorio	1
consolato	1
rialzare	1
Cammino	1
zoppo	1
stampella	1
legaccio	1
stingere	1
indossare	2
alamari	1
pennacchio	1
stracciato	1
uniforme	1
fagotto	1
pays	6
De	3
ubriaco	1
Mangi	1
arretrato	1
Terzo	1
Usseri	1
trecento	1
scampato	1
detto	1
canchero	1
vincitore	2
Austerlitz	1
fottere	1
Vilna	1
parlante	1
crivellare	2
Paga	1
Prrr	1
zar	3
Annegati	1
Vistola	1
didietro	1
schifo	1
snebbiare	1
sbronza	2
reduce	1
drappello	1
cavalleggeri	1
schiacciare	1
Sdrastvuy	1
batjuska	2
Sdrastvujte	1
Kudà	2
vam	2
Pariž	2
Niet	2
nie	1
Frantsiu	1
za	1
Napoleonom	1
vedjòt	1
eta	1
doroga	1
Sassocorto	1
Trappa	1
Kak	1
Aliviabassa	1
niet	1
Marsiglia	1
Marsel	2
Frantsia	1
Iz	3
Charkova	1
Kieva	1
Rostova	1
cosacco	2
Marš	1
Kto	2
pozvolil	1
ostanovitsja	1
svidanja	1
Nam	1
porà	1
venare	1
Bonjour	1
monsieur	4
con-naissez	1
langue	1
gospodin	1
ofìtsèr	1
pas	2
mieux	2
francais	1
quand-même	1
Ètes	1
habitant	1
Ètiez	1
pendant	1
avait	1
Napoléon	1
Oui	3
officier	1
Comment	1
allait-il	1
savez	1
armées	1
font	1
toujours	1
dégâts	1
quelles	1
soient	1
idées	2
qu	1
‘elles	1
apportent	1
nous	3
aussi	1
faisons	1
beaucoup	1
dégàts	1
apportons	1
malinconico	1
consolare	1
avez	1
vaincu	1
Nous	1
avons	1
combattu	1
Très	1
peut	1
ètre	1
tam	1
impugnare	1
ubriacone	1
Frantsuzy	1
Napoleoni	1
voyez	1
plusieurs	1
années	1
fais	2
puis	1
une	2
affreuse	1
et	1
tout	2
idéals	1
saurais	1
presque	1
expliquer	1
moi-même	1
ni	1
fait	1
bonne	1
vis	2
dans	1
melanconico	1
dois	1
en	1
aller	1
militarmente	1
Adieu	1
Cosmo	1
Prošcajte	1
GOSPOdin	1
suis	1
Prince	1
Andrèj	1
cognome	1
XXX	1
de-cimonono	1
Grava	1
Restaurazione	1
novatori	1
bonapartisti	1
sconfitto	1
assolutismo	1
rianno	1
giovinezza	1
decimottavo	1
ossequiente	1
eccesso	1
scrollone	1
Austrorussi	1
Piemonte	1
spietatamente	1
ammalare	1
smorfia	1
sessantacinque	1
santa	1
pulizia	1
circolo	1
discorrere	1
sistemare	1
rimorso	1
conforto	1
braciere	1
migliorare	1
intimorire	1
rigido	1
miracolo	1
Scese	1
accordare	1
Pericle	2
costituzionale	1
iscritto	1
proibire	1
recente	1
Vescovado	1
traversia	1
ciborio	1
chierico	1
sacramento	1
libeccio	2
mongolfiera	4
aeronauti	3
pallone	5
ornato	1
frangia	1
spallina	1
sottostante	1
girata	1
vortican-do	1
trottola	1
pressione	1
srotolare	1
supporre	2
agonizzante	1
raggomitolare	1
morente	1
tomba	1
stele	1
scritto	1
Visse	1
Salì	1
Africa	1
Australia	2
india	1
arretrare	1
eucalipti	1
elefantesca	1
ficus	1
solitàrie	1
scarmigliare	1
inospitale	1
biforcazione	1
lobo	1
spiumii	1
sprazzo	1
ritaglio	1
assomigliare	1
zeppo	1
cancellatura	1
rimando	1
sgorbiare	1
infittire	1
puntiformi	1
ritorcere	1
biforcare	1
grumo	1
contorno	1
intoppare	1
ripigliare	1
attorcigliare	1
sdipana	1
insensato	1